C,CLC,BC,EC,SPL,PC,IC,SC,AC,PR,KC,tempo
0.6508610389610349,0.1036049955844354,0.008894832708459963,0.02973038103920921,9.877043043043043,0.013196909173359502,0.0013376357912021778,813.0702729540437,0.025051732481837664,0.0009999999999999998,8.0,"[4440, 5260, 26237, 53, 17038, 31255, 83430, 13957, 24468, 12054, 18835, 3565, 3005, 13253, 25364, 24302, 50215, 1373, 31722, 13073, 1801, 19662, 12380, 41388, 64933, 8780, 2545, 104996, 3765, 782, 24449, 11560, 36809, 2638, 65505, 49534, 28047, 21511, 5360, 52733, 45363, 33992, 8851, 38801, 598, 14554, 26088, 19117, 16579, 23782, 4747, 1348, 6123, 1859, 217, 26231, 30174, 17922, 8261, 58455, 11236, 37784, 46957, 19830, 80353, 42859, 11069, 10403, 11659, 935, 8210, 330, 75771, 75876, 30996, 7566, 25192, 74853, 19851, 25053, 3039, 9808, 11490, 15044, 27995, 82973, 6077, 50161, 1436, 2014, 70915, 8352, 7423, 5943, 56079, 19418, 7220, 10096, 795, 30129]"
0.6448601010100987,0.11689168900581795,0.007657230376669254,0.030585726325502542,8.641915915915916,-0.010293191508745183,0.0016372206466849133,794.1782312811268,0.021930585219825417,0.001,9.0,"[1800, 3412, 24611, 1550, 18861, 7159, 10546, 17177, 16128, 17382, 6666, 8118, 12220, 537, 545, 497, 35448, 3072, 1302, 19453, 31323, 47415, 5821, 8033, 5544, 21841, 24317, 13223, 5006, 24656, 4717, 2535, 13315, 735, 183, 34050, 2228, 1528, 7371, 9198, 4168, 19167, 994, 588, 5117, 7867, 17616, 23525, 8168, 8882, 32241, 528, 2654, 1109, 6200, 3460, 10406, 9925, 2950, 6484, 8714, 12334, 290, 7474, 10685, 338, 12169, 328, 39743, 40051, 11687, 20431, 8125, 289, 6810, 312, 25901, 17925, 2104, 9555, 23808, 4327, 4336, 8639, 25235, 5514, 27372, 5215, 616, 568, 30261, 12647, 7479, 23077, 640, 972, 33222, 33542, 4721, 6686]"
0.6488963203463165,0.11207159999683779,0.008058826361431572,0.030283824268872103,9.042708708708709,-0.009797706825107534,0.0015090626690345186,803.6261248801991,0.023920671492646463,0.0009999999999999998,8.0,"[4453, 12060, 4091, 1445, 33422, 13135, 36176, 557, 4628, 28984, 6074, 1172, 20883, 18825, 910, 33884, 74789, 44071, 3513, 37694, 4499, 15847, 8413, 868, 3126, 27491, 8229, 27779, 4058, 3365, 137, 16529, 5055, 6045, 5101, 8448, 2634, 6850, 11221, 3699, 10190, 6681, 11414, 659, 6539, 10282, 691, 3703, 932, 9681, 11703, 4154, 3345, 541, 7273, 27584, 3488, 26429, 150, 30945, 33794, 23798, 1014, 22750, 1688, 14604, 12725, 16693, 24054, 2384, 16286, 1671, 6085, 5811, 46058, 22456, 2088, 11003, 928, 6946, 1216, 12577, 30882, 12209, 27067, 58639, 115, 17448, 8921, 6089, 23867, 9201, 4857, 4562, 7574, 4366, 8639, 14789, 35073, 17324]"
0.6469294372294339,0.11407721088255772,0.007883603041919676,0.03065629438375765,8.867835835835836,0.01913393756300068,0.0015702928091813446,799.4499076337737,0.023628034757633615,0.0009999999999999998,8.0,"[7068, 7699, 36659, 20191, 633, 1535, 21741, 18019, 22315, 2653, 5101, 12679, 17437, 994, 5479, 17415, 13627, 2327, 3268, 3903, 16132, 6428, 11059, 8797, 13499, 24244, 36337, 14690, 1140, 6218, 14770, 9191, 2161, 7334, 8914, 215, 34932, 35775, 14188, 2567, 2915, 23123, 28734, 25891, 10389, 1007, 13312, 9039, 38840, 11174, 2214, 21234, 11547, 6474, 6703, 5890, 253, 109, 14462, 1626, 1195, 395, 4062, 31676, 7350, 2924, 18689, 942, 7168, 964, 18897, 12267, 37574, 11086, 3317, 7298, 5409, 43457, 14377, 4622, 630, 8395, 12396, 9306, 27990, 25242, 4331, 13345, 3292, 8068, 1383, 66881, 18037, 17507, 4830, 8122, 9923, 36632, 1693, 3593]"
0.6536621212121172,0.09665116829355223,0.009527204559268688,0.029944059341813184,10.50815015015015,-0.013941698352217985,0.0013048922348328307,818.5425632787377,0.025718330235575897,0.0009999999999999987,9.0,"[26874, 25748, 63884, 82321, 18246, 40839, 5657, 548, 71477, 1435, 13820, 59430, 28013, 44551, 13988, 45637, 1692, 27896, 42573, 169, 11063, 15608, 3047, 19187, 966, 73031, 56271, 24035, 11521, 17021, 38030, 19194, 8044, 11879, 21096, 29371, 25225, 34799, 77853, 186218, 17159, 37912, 54809, 34829, 22793, 35116, 46357, 406, 17240, 34276, 79, 159060, 20096, 5587, 12057, 28865, 638, 57317, 45393, 34942, 1578, 27143, 1454, 20865, 37382, 6948, 182, 75013, 19772, 103425, 56692, 19415, 84, 1289, 5553, 7841, 6591, 37491, 16392, 312, 1681, 13708, 11251, 4082, 21279, 79759, 12352, 51623, 7746, 5043, 23274, 59861, 909, 1004, 3644, 1297, 2759, 41597, 77717, 379]"
0.6490116161616127,0.11188906975206822,0.008042443244848055,0.029980813295397216,9.026358358358358,0.01466875743719639,0.0015233479702350455,804.1097315477008,0.023368220332826414,0.0009999999999999994,9.0,"[4238, 13297, 25451, 9394, 8820, 2960, 29922, 1301, 29657, 26313, 26534, 17108, 6063, 465, 6868, 484, 10024, 1809, 1920, 6048, 4546, 7771, 12480, 8048, 331, 11709, 5199, 16841, 349, 4025, 4054, 42757, 30333, 7026, 6122, 2469, 830, 5951, 1400, 21541, 1758, 23331, 74838, 11054, 191, 17650, 28233, 1712, 2902, 3388, 6361, 327, 18203, 639, 11189, 1616, 12290, 11206, 12958, 2366, 20915, 50670, 8927, 983, 1003, 4654, 3911, 18637, 12844, 1682, 60607, 26825, 2850, 18767, 2563, 58573, 335, 40615, 36068, 1396, 11476, 23778, 41721, 43135, 23064, 24797, 1968, 11654, 38994, 28216, 22599, 17537, 39409, 3989, 31075, 14231, 47799, 9948, 7543, 22837]"
0.653067171717169,0.10218188952952244,0.008975859627162233,0.029811237812012392,9.957907907907908,-0.0127896532924946,0.001303294873799728,816.5470564127243,0.02852349729586179,0.0009999999999999996,9.0,"[23016, 54155, 443, 171310, 34847, 10657, 7823, 40635, 10055, 13571, 2984, 62345, 34246, 3590, 15519, 44873, 380, 592, 16372, 3163, 109126, 6172, 34783, 25981, 27299, 5919, 43171, 15711, 64493, 66952, 21637, 4907, 22767, 25629, 94023, 16857, 67521, 10605, 7921, 4504, 4108, 125314, 27327, 27269, 418, 23366, 66256, 32641, 7400, 8193, 4114, 13767, 79527, 64173, 87160, 56243, 15902, 15795, 54, 21944, 11398, 3896, 12906, 1099, 36627, 8236, 24175, 740, 51080, 12081, 1509, 26798, 108466, 7093, 1686, 2904, 32796, 38155, 828, 25827, 23819, 1632, 38403, 12243, 9350, 17540, 41163, 61655, 2295, 77810, 36608, 310, 20602, 24177, 15288, 37686, 44544, 34398, 1259, 86549]"
0.6490772727272698,0.11463575421385003,0.007853613132170244,0.029971539588332728,8.837905905905906,-0.013631760066690736,0.0015063853649939052,803.4435285469543,0.022320738666073606,0.0010000000000000007,9.0,"[7447, 19471, 61788, 15025, 7696, 46912, 8218, 2192, 34896, 20884, 10952, 23356, 4718, 20841, 2135, 7529, 19351, 4613, 223, 14578, 4648, 2872, 2721, 2146, 8449, 22989, 2047, 8084, 37991, 1137, 28154, 48968, 22155, 43620, 11833, 37100, 20326, 19631, 22972, 10711, 8134, 1247, 13262, 25357, 15676, 11844, 9438, 76, 4301, 5580, 5403, 43004, 22270, 2887, 23512, 31388, 4548, 66671, 665, 8619, 28009, 7431, 1238, 27855, 20760, 21122, 1196, 27597, 16329, 22509, 9290, 883, 195, 15642, 18551, 25088, 16976, 4595, 4740, 6707, 1266, 3312, 11706, 23059, 10457, 6005, 7649, 923, 2506, 7871, 2994, 9150, 26163, 10613, 47425, 482, 22025, 5235, 47736, 4627]"
0.6446420634920615,0.12195482342544031,0.007317656333688395,0.029601645396394788,8.30302102102102,0.023448134381952222,0.001630082450192635,795.0235142249022,0.020913382679027717,0.0010000000000000009,8.0,"[195, 9104, 5978, 11691, 3534, 10435, 9286, 2807, 5255, 16519, 2534, 200, 1720, 8755, 10573, 1375, 3257, 14093, 2051, 7037, 2313, 22943, 10440, 14753, 10006, 1813, 12490, 2596, 26227, 16709, 6540, 10218, 27295, 19270, 1732, 400, 10534, 3586, 31123, 25657, 2766, 10022, 9209, 8757, 1067, 9681, 10083, 4599, 14550, 406, 17342, 295, 222, 20612, 14197, 15293, 1011, 31333, 9248, 14735, 4768, 3154, 608, 18019, 6032, 20567, 2552, 15866, 11856, 3879, 4555, 2108, 1830, 18217, 5583, 37420, 13840, 26794, 76, 2016, 4813, 17052, 2558, 230, 9377, 2084, 8327, 58395, 376, 5088, 1689, 799, 8104, 8562, 35491, 14632, 488, 13798, 6198, 33235]"
0.6463928571428538,0.11745479815028675,0.0076478301949243835,0.02864986182140827,8.632534534534534,0.0007813777144342727,0.0015552831538266025,797.4967451757852,0.022417197890024818,0.0009999999999999996,8.0,"[13361, 11153, 16007, 7779, 3436, 13235, 1662, 12643, 1305, 5628, 5936, 11255, 31, 9974, 8321, 12441, 3193, 2366, 6901, 8052, 1169, 664, 24958, 9345, 10860, 3994, 6349, 7048, 379, 17477, 17753, 1250, 19693, 14454, 33624, 9773, 45851, 1939, 26980, 13451, 12859, 771, 40562, 4795, 7595, 10093, 11425, 1409, 75817, 19689, 4939, 29446, 2753, 1362, 5505, 7940, 14988, 251, 691, 3615, 432, 10259, 22041, 44529, 869, 17600, 3703, 9169, 1912, 29965, 1667, 4425, 1551, 777, 3143, 35283, 10608, 11630, 9706, 854, 1637, 24928, 18308, 26653, 1729, 2779, 18232, 4592, 7034, 30157, 2164, 7457, 10377, 14212, 9309, 4114, 27448, 3264, 10088, 21534]"
0.6437050505050478,0.12343561405812015,0.007187466023137366,0.03020486875827037,8.173091091091091,-0.011957023506509009,0.0016674367259019195,789.9899647560713,0.02090010367966322,0.0009999999999999987,9.0,"[11021, 15115, 10938, 7602, 15359, 7469, 497, 14636, 20384, 18735, 7898, 20853, 863, 7585, 16314, 10869, 8362, 40113, 59235, 13685, 4853, 2399, 116, 5769, 1457, 12522, 1545, 13001, 17606, 3263, 24736, 2855, 12000, 11465, 18528, 3660, 7834, 6324, 4273, 14530, 12197, 8712, 510, 1209, 5449, 12339, 3970, 34520, 11578, 8288, 3664, 5010, 11328, 706, 15551, 7456, 871, 3494, 5298, 13693, 2074, 7130, 10251, 13057, 2782, 2083, 467, 7009, 10077, 8570, 21745, 1421, 16296, 1652, 25401, 14519, 2260, 721, 2785, 20907, 9370, 9037, 13896, 1689, 1653, 38003, 12215, 5498, 11069, 9665, 9356, 4727, 22780, 22249, 1162, 4516, 6399, 3208, 4346, 6746]"
0.6485494949494915,0.11051991672195781,0.00818568067065061,0.03024601839661066,9.169309309309309,-0.0164703788965444,0.0015318517071821862,803.126219560059,0.02326146151921279,0.0009999999999999994,9.0,"[8765, 7862, 6141, 10156, 43472, 28839, 7390, 24086, 16664, 16537, 8948, 14838, 4185, 2602, 6342, 11311, 10248, 11110, 8515, 14544, 8704, 19959, 32725, 16655, 3414, 1773, 9752, 13060, 19103, 5533, 21810, 4824, 9094, 74265, 8290, 17212, 10187, 1095, 19302, 17310, 2413, 1796, 4399, 15545, 197, 3096, 1021, 4637, 3793, 6400, 9322, 280, 21526, 1877, 4547, 8236, 32467, 1357, 15752, 2948, 31, 15453, 3095, 6359, 9780, 11065, 237, 17613, 87634, 274, 20900, 26828, 1603, 7609, 5695, 5686, 3702, 2257, 8632, 25179, 10209, 5575, 7061, 10289, 1561, 11288, 16725, 23696, 175, 21679, 1577, 17224, 12810, 21941, 7568, 7645, 217, 13120, 9823, 1409]"
0.6434655844155801,0.11920643070055532,0.007482867637176254,0.028641276893537737,8.467901901901902,-0.02210150358996929,0.001631808002209239,791.8154067918953,0.02202791307513744,0.000999999999999999,8.999,"[12614, 563, 10956, 7954, 4523, 10081, 21126, 3046, 24660, 5381, 3182, 18343, 2249, 9708, 1556, 1968, 1521, 8003, 10984, 2855, 7241, 1578, 5247, 6726, 889, 8068, 1508, 17798, 15374, 17666, 19833, 889, 2323, 47891, 793, 44230, 15135, 2887, 3953, 3302, 1247, 4990, 9517, 6965, 5358, 23374, 4015, 8951, 1151, 10027, 4560, 20182, 4399, 3650, 4870, 3191, 8934, 6658, 21524, 2768, 2831, 8288, 8925, 17799, 1403, 732, 5104, 6053, 23279, 36138, 9514, 11356, 1301, 3229, 12063, 18295, 31992, 3336, 4863, 10662, 15663, 4548, 1629, 7011, 1615, 10303, 7495, 15935, 1143, 2636, 17688, 2370, 1617, 3238, 31453, 2856, 1635, 17704, 10327, 9863]"
0.6492969696969656,0.11159760211791701,0.008082657808108712,0.030034252083824115,9.066492492492493,0.016148254341632924,0.0014948312388514255,806.3504442530242,0.021774123398282285,0.0010000000000000009,9.0,"[1275, 1938, 9532, 25180, 27380, 6333, 4635, 27283, 928, 30715, 1665, 8297, 11495, 1914, 18324, 2327, 12700, 17542, 9499, 2291, 2735, 46125, 4043, 13685, 2957, 19331, 51605, 11339, 2908, 625, 1821, 10902, 16368, 15637, 9123, 6036, 39924, 9845, 968, 1381, 28132, 1051, 1504, 11153, 529, 18223, 37639, 5591, 2278, 3558, 59323, 13249, 59408, 3739, 355, 42941, 3092, 14989, 16955, 40002, 2511, 6888, 16662, 12012, 10025, 18857, 16935, 13233, 6947, 7679, 21361, 23666, 12473, 17164, 13958, 3460, 7158, 45433, 12929, 2309, 1486, 716, 536, 10459, 23536, 13331, 14864, 11649, 17549, 12480, 1872, 1833, 75629, 20327, 8119, 18152, 31731, 21290, 8058, 7421]"
0.6413165223665186,0.1267550458626388,0.0069953219752818966,0.029553340559654865,7.981331331331331,-0.023974886525947765,0.0017410602904344007,782.9958766239217,0.02062963375852051,0.0010000000000000005,8.0,"[40479, 8501, 24765, 12305, 2245, 9403, 6017, 302, 2768, 5989, 5665, 17156, 7646, 856, 23917, 951, 1288, 7623, 12055, 3927, 7524, 610, 1390, 8672, 14418, 21877, 630, 3617, 5741, 3763, 41534, 8789, 2921, 3581, 2357, 2572, 5271, 1038, 36393, 794, 2099, 2786, 13353, 13275, 3818, 18881, 12630, 2326, 23077, 235, 9051, 2021, 6864, 9231, 2264, 11104, 22050, 6473, 13198, 102, 5007, 8566, 13267, 8765, 9312, 10747, 1504, 10841, 13463, 3084, 1703, 3362, 1969, 4001, 4963, 2647, 771, 1486, 18991, 6389, 18297, 20122, 1051, 13093, 1855, 17671, 5097, 19722, 8831, 2566, 3440, 176, 5419, 11622, 7494, 1341, 1298, 10578, 3153, 4443]"
0.6509908369408333,0.11157273824189126,0.008134152188260404,0.03048058503060808,9.117883883883884,0.0037944259971069705,0.0014989568235960996,807.9395903956074,0.022825472115665348,0.000999999999999999,8.999,"[6210, 572, 25259, 31244, 18815, 81524, 5439, 26823, 7153, 34265, 9058, 7033, 44560, 3181, 35391, 11691, 26282, 27571, 796, 1729, 24551, 2628, 2421, 30451, 628, 32205, 3555, 271, 4173, 9468, 14408, 6301, 46807, 4194, 59460, 42749, 3687, 19316, 3469, 1556, 8853, 23725, 17753, 2229, 45880, 6598, 5693, 2564, 10002, 1051, 10269, 28927, 62409, 33837, 9669, 16457, 20677, 36666, 9293, 13089, 12272, 26297, 12983, 26072, 41479, 22530, 297, 17622, 4813, 20242, 555, 28450, 26398, 53641, 2048, 15313, 977, 10972, 9660, 10196, 8173, 892, 102782, 7594, 16442, 557, 3914, 1021, 2059, 13856, 26310, 13067, 22801, 10781, 26768, 25831, 12720, 1061, 28453, 6500]"
0.6467151515151476,0.11752157922358784,0.007606594570522426,0.03044947705882651,8.591381381381382,-0.0047623893655275385,0.0016025129375930878,797.6633391804801,0.02137363928862776,0.0009999999999999994,9.0,"[687, 23814, 6616, 24112, 19316, 5195, 12331, 2108, 2737, 8295, 993, 15907, 10110, 12151, 6289, 7941, 39945, 7660, 20455, 24741, 45380, 17176, 426, 35335, 52474, 9029, 713, 65096, 17279, 8056, 563, 6086, 8347, 16961, 31291, 2324, 2695, 9447, 1402, 5677, 3914, 11389, 7574, 10348, 7276, 17568, 147, 7854, 23864, 11968, 10149, 6552, 2338, 197, 3350, 21098, 9675, 786, 10137, 19113, 18828, 32091, 4492, 79, 15433, 9597, 1051, 16988, 45732, 4609, 175, 21406, 2851, 19034, 9767, 3809, 4743, 6421, 4754, 3874, 5911, 10275, 1602, 387, 12137, 2730, 7243, 20789, 7161, 16259, 3264, 1336, 32317, 406, 35110, 4605, 30113, 2246, 425, 4474]"
0.6390079365079343,0.12838288258331032,0.0068737274348496784,0.030355699727734952,7.85997997997998,2.8611484679347337e-05,0.0017684107918949257,778.3667573069828,0.018323419142808738,0.0010000000000000002,8.998,"[16153, 10923, 6643, 5329, 14164, 1900, 534, 2515, 1046, 6443, 13275, 140, 6590, 1219, 3666, 8508, 1233, 8888, 6577, 28874, 733, 2148, 3265, 1073, 4302, 2254, 5316, 4574, 1140, 802, 22041, 6847, 998, 7315, 439, 3759, 13499, 8497, 10251, 3079, 2144, 4849, 247, 2009, 7566, 913, 5009, 521, 15400, 11858, 3533, 6511, 14939, 70027, 14708, 10474, 3606, 7100, 568, 2072, 173, 482, 3101, 8808, 541, 2347, 3534, 10979, 1430, 6420, 3399, 272, 12088, 4840, 15036, 7761, 13748, 1093, 16294, 7280, 2096, 5313, 2936, 593, 12895, 1202, 224, 1360, 63, 2043, 8409, 5471, 6150, 13183, 7661, 4771, 14274, 6983, 9859, 7389]"
0.6520616161616136,0.10671654790668189,0.008566217520125334,0.03077944248426,9.549085085085085,0.007314216172541063,0.0013506109189417729,813.1527861845899,0.024302097669255434,0.0009999999999999994,9.0,"[4618, 3253, 26200, 119, 35179, 15281, 17818, 45743, 12876, 112854, 11227, 6268, 1323, 498, 1870, 57219, 3903, 25173, 7905, 12150, 10051, 8148, 5441, 7842, 14016, 19534, 10929, 451, 4434, 732, 29589, 1288, 22029, 6828, 32908, 9089, 871, 8378, 124, 21597, 60999, 25884, 48566, 11047, 1012, 3082, 2677, 3062, 86216, 35057, 2697, 11543, 684, 8098, 23980, 1945, 8511, 64513, 21558, 31796, 4346, 124, 24261, 249, 144806, 8094, 34609, 36944, 4782, 14867, 27137, 28633, 28287, 22317, 54046, 7666, 19398, 65882, 1571, 14424, 25802, 75711, 1024, 2685, 11168, 40498, 5577, 30030, 3093, 27280, 1765, 23526, 6449, 66459, 28557, 1885, 1914, 1157, 7695, 10161]"
0.6528856421356389,0.10497158602828922,0.008681420899857774,0.03056915234091597,9.664058058058059,-0.0008066955730122881,0.0014328241823561236,814.3423381314581,0.024127539927987163,0.0010000000000000002,8.0,"[11326, 3832, 12777, 3954, 47544, 59620, 283, 12532, 23486, 12683, 48094, 3537, 11691, 11989, 48478, 12132, 29110, 5978, 29161, 14825, 27368, 13600, 14765, 8718, 25453, 7877, 985, 55914, 22445, 101465, 64344, 2073, 27914, 13048, 43572, 9584, 80107, 35004, 19953, 15805, 60941, 9623, 12447, 17710, 61965, 15098, 32528, 4607, 64426, 44747, 19527, 921, 2216, 9069, 12126, 10119, 19485, 40232, 4149, 10110, 13970, 36457, 8809, 1779, 16429, 978, 5874, 9703, 2908, 2040, 2380, 24567, 792, 16373, 1014, 22738, 42545, 2946, 88, 2875, 757, 46579, 898, 87080, 9576, 19796, 28021, 16353, 4115, 21546, 17010, 52949, 17700, 276, 45854, 46477, 33665, 29916, 4887, 9561]"
0.6489732323232286,0.11130655717923117,0.008118527344980251,0.029163918874150385,9.10229029029029,0.033353691490276935,0.001492708866212204,806.9146684407709,0.023241877546358498,0.0009999999999999998,9.0,"[4858, 6888, 1492, 39301, 22536, 1394, 1346, 1065, 20455, 279, 11282, 4243, 8579, 5126, 2511, 40761, 708, 206, 25539, 6934, 6244, 357, 3842, 39971, 57705, 16705, 11299, 1537, 2267, 21218, 3292, 21748, 7039, 36895, 45718, 26745, 5753, 50523, 971, 3105, 5755, 25423, 11930, 2584, 12321, 12285, 3544, 2028, 6736, 12844, 8881, 23581, 13418, 603, 2240, 5317, 960, 10942, 32856, 3376, 1770, 5937, 21209, 25883, 13952, 4978, 24938, 8812, 15099, 5562, 162, 3702, 15754, 45909, 9105, 9143, 9677, 23859, 16396, 43793, 6145, 8321, 13222, 12975, 4820, 2943, 10283, 8840, 25508, 4486, 40501, 13728, 6678, 14636, 659, 27206, 17762, 52575, 11708, 16820]"
0.6493545454545423,0.1131658260709303,0.00794803220053721,0.030129476792960398,8.932136136136137,0.016486471901965588,0.0015235150729717574,804.2055958278526,0.02385815611381453,0.0010000000000000002,9.0,"[9486, 8152, 219, 319, 23013, 1485, 4191, 7924, 17062, 1526, 22725, 626, 30164, 44438, 1667, 19522, 2651, 1258, 12323, 20990, 8069, 1348, 7451, 25981, 10742, 3047, 1440, 2255, 11157, 6055, 1843, 13737, 30210, 27611, 8659, 6581, 19480, 7497, 33154, 3772, 22358, 206, 3355, 53183, 12575, 29943, 15851, 9122, 34940, 17245, 13598, 6259, 630, 1716, 192, 6649, 18101, 39673, 12200, 12037, 2449, 18389, 42215, 3702, 93676, 2453, 35153, 9520, 15683, 4150, 3782, 3712, 26054, 7350, 966, 2206, 8088, 24650, 41228, 17900, 18293, 2952, 4916, 9648, 378, 17919, 1925, 131, 23696, 1253, 15620, 930, 2977, 20727, 27335, 228, 3275, 646, 28994, 626]"
0.6534056998556964,0.10478600865229187,0.008690554281736646,0.027898572980258676,9.673173173173174,-0.030492294027502084,0.0013563635069985178,815.5155521151152,0.023492973262042808,0.001,8.999,"[28347, 4887, 8267, 5764, 31402, 11986, 39040, 7989, 77717, 14382, 10807, 4495, 57370, 25120, 36239, 4792, 1367, 22127, 5436, 20533, 8331, 23853, 56951, 9649, 4146, 44851, 53877, 20962, 13277, 33523, 467, 27159, 17990, 2270, 8066, 25252, 4307, 29310, 14107, 7120, 50463, 101154, 29115, 15790, 78411, 5072, 19318, 8047, 35795, 160, 72756, 11173, 5390, 16693, 1567, 24268, 824, 49493, 5229, 40485, 18203, 2397, 8362, 27092, 281, 31710, 10911, 7316, 8003, 21982, 14582, 33776, 12797, 474, 22897, 12457, 10353, 3128, 26101, 15377, 12193, 27391, 10988, 7294, 30382, 5584, 11698, 1229, 25131, 39061, 8157, 13814, 14682, 2670, 51821, 2137, 43236, 50219, 23642, 21792]"
0.6520608946608908,0.10498586828121156,0.00868840182868239,0.03007716022743098,9.671025025025026,-0.009979691219305392,0.0013861671832090172,811.9083484439319,0.023309184903040712,0.0010000000000000013,8.0,"[1321, 39283, 5579, 1861, 32380, 22140, 57143, 11816, 11958, 18190, 165, 14268, 24731, 3234, 2070, 6225, 13919, 65, 43700, 55307, 17997, 25651, 14324, 27890, 27326, 19006, 16940, 78593, 566, 495, 3099, 36652, 699, 371, 7485, 44742, 25991, 15686, 70323, 13934, 55535, 16266, 2751, 3500, 12053, 3094, 676, 31347, 71366, 40879, 6986, 10178, 26813, 13554, 12237, 4511, 41194, 3441, 14675, 18082, 2137, 35259, 2920, 3126, 51091, 15727, 7385, 54860, 8947, 49253, 14390, 17308, 25164, 13723, 1988, 22473, 73257, 26057, 48156, 29893, 11061, 1997, 469, 12375, 7325, 22965, 70672, 9807, 21896, 30478, 10820, 75850, 25730, 7343, 44377, 66806, 84085, 13210, 20971, 48368]"
0.6448585858585836,0.11840916883334904,0.00755635796116758,0.03040336273704744,8.541245245245245,0.007521740288109693,0.0016472445347771555,793.1474452551603,0.02147822739875084,0.0009999999999999996,9.0,"[1706, 18437, 16099, 10069, 15354, 571, 941, 18051, 11219, 9200, 3094, 13680, 9477, 11907, 112, 2807, 21930, 21874, 27630, 16659, 2256, 2090, 10274, 30667, 983, 5464, 13424, 2708, 4303, 36228, 958, 5611, 18275, 2910, 1239, 2252, 18987, 3834, 3319, 11647, 7668, 46246, 32980, 7115, 3024, 5281, 3628, 24743, 1703, 1383, 640, 15472, 22760, 9195, 3417, 2901, 13000, 2334, 5283, 7071, 915, 7741, 7117, 4203, 4169, 1930, 779, 328, 13648, 17574, 42685, 8067, 302, 1382, 2050, 9516, 4345, 9439, 16815, 4461, 905, 7798, 6269, 3235, 2003, 1993, 16845, 10133, 9240, 5138, 3200, 617, 4939, 19305, 4067, 12361, 3464, 2168, 300, 902]"
0.6517045454545413,0.1059094437904827,0.00858801486857599,0.028580749674244687,9.570838838838839,-0.0058676461524175575,0.0014486484338240102,812.1019930031714,0.022362204055209257,0.0009999999999999998,9.0,"[6614, 24494, 366, 33434, 11943, 3587, 1724, 37995, 14626, 102622, 2573, 1804, 39921, 2114, 25904, 4496, 12100, 975, 3817, 198, 246, 10177, 11254, 36895, 16934, 53828, 2723, 22613, 25690, 6093, 4834, 3611, 6278, 26548, 42499, 13266, 39649, 78363, 9866, 341, 5994, 44905, 7209, 5250, 26719, 20917, 2330, 21918, 755, 54367, 23959, 297, 10067, 3074, 9715, 3379, 20017, 3438, 25052, 7179, 12242, 30465, 28583, 9706, 48404, 33185, 18901, 401, 19710, 24332, 26378, 47129, 24651, 2198, 6077, 1120, 534, 13174, 293, 3843, 2344, 55587, 12623, 2093, 6514, 19784, 43234, 15789, 5107, 26706, 6330, 2522, 36338, 16893, 341, 38219, 22731, 10308, 51084, 30309]"
0.6479959595959558,0.11489297856764624,0.0078140063911607,0.029912293200803165,8.798378378378379,0.004975124378132668,0.0015720930242871965,799.5110782553609,0.02317488455637006,0.0009999999999999998,9.0,"[16837, 339, 32455, 3251, 10396, 8388, 14873, 6106, 49209, 16028, 340, 1324, 8258, 10372, 9396, 3117, 9922, 20152, 4464, 6260, 11620, 26782, 28031, 22859, 3739, 38142, 2693, 23778, 7296, 11680, 9645, 970, 25607, 653, 272, 1552, 31024, 114, 4553, 4654, 299, 2561, 6173, 425, 21148, 11830, 7428, 5752, 253, 6383, 9900, 8474, 16158, 941, 24027, 2126, 10337, 11785, 6368, 1673, 757, 5219, 30862, 16965, 1846, 4967, 231, 654, 6848, 17434, 71098, 17740, 3744, 911, 4449, 7736, 2509, 2359, 22532, 9947, 463, 2322, 11224, 196, 50410, 2154, 31343, 15617, 829, 12079, 29343, 37501, 13282, 15736, 22759, 2986, 30210, 1943, 7051, 17990]"
0.6478857142857107,0.11660578816519225,0.007750106820247101,0.030175078129708103,8.734606606606606,-0.0011754103213716738,0.0015356811378771358,798.387257884543,0.021620926643937596,0.0009999999999999985,8.998,"[2722, 4053, 10294, 14428, 14449, 7646, 4068, 3435, 5653, 19027, 4690, 758, 18652, 3877, 31548, 1789, 2590, 29585, 1281, 3870, 18485, 18045, 22781, 28974, 23940, 13192, 5774, 17627, 14457, 21306, 5862, 12028, 7061, 23779, 6408, 77, 13726, 291, 7181, 16200, 24853, 52596, 18544, 37136, 22142, 52497, 6364, 8064, 678, 2865, 24032, 2194, 5045, 14705, 2010, 4646, 64802, 1653, 1752, 18095, 12583, 45460, 12172, 15899, 3745, 22462, 1718, 10872, 4906, 24221, 39616, 28840, 3104, 16663, 3662, 19985, 19972, 4206, 9338, 3610, 1960, 4786, 7348, 20919, 10897, 22224, 1712, 1212, 2294, 161, 74913, 2248, 15886, 183, 1955, 486, 5577, 15377, 1275, 4975]"
0.6470121212121172,0.11314376110936904,0.008014226651501201,0.029213070306178614,8.998198198198198,0.020895522388185487,0.001514517990848844,800.0711802430616,0.021242053953323976,0.000999999999999999,9.0,"[20331, 14016, 4488, 42835, 7792, 1046, 1041, 497, 45988, 11337, 4413, 12562, 5586, 1019, 43, 18203, 9038, 18137, 17481, 20505, 36049, 80146, 7467, 1814, 29957, 38652, 5656, 21282, 477, 14034, 13024, 12756, 16907, 566, 8723, 1874, 50352, 13171, 63687, 2155, 5841, 8885, 41049, 2059, 34783, 711, 8376, 2934, 21228, 13937, 12793, 11090, 2945, 9063, 1194, 15397, 976, 862, 14236, 6357, 19290, 18893, 14546, 2861, 12355, 11609, 1041, 4909, 17337, 26973, 54936, 10629, 2919, 727, 7736, 858, 6327, 4521, 20150, 8825, 27734, 5674, 5344, 18089, 24143, 25340, 43589, 30618, 12168, 1601, 59599, 96322, 23272, 37467, 2643, 41182, 22019, 42648, 48723, 3284]"
0.6483389610389582,0.11065141772185563,0.008181935442456482,0.030279406139130344,9.165571571571572,0.007996085365759527,0.0014659439086730868,807.5788143112287,0.023873833887855942,0.001000000000000001,8.0,"[1488, 2819, 9555, 15408, 37026, 38075, 20636, 23036, 20149, 2042, 6267, 333, 6195, 1410, 54777, 14722, 2296, 8691, 29108, 18506, 56811, 6734, 4296, 4293, 16469, 2431, 1630, 359, 14835, 12798, 15415, 138, 1381, 3041, 41188, 12389, 6044, 17742, 18014, 10417, 24503, 26625, 15531, 23718, 43484, 37748, 9920, 8812, 7602, 13789, 14218, 21822, 3770, 5665, 62398, 78530, 7861, 36006, 7197, 2655, 12672, 2267, 6688, 8019, 24146, 18461, 11697, 7780, 5073, 6474, 41006, 7650, 50943, 52679, 3619, 20778, 25506, 701, 6982, 518, 4659, 14283, 37009, 23379, 9764, 23712, 5748, 2527, 7279, 2494, 12614, 8615, 200, 11670, 2541, 16777, 15358, 33106, 18461, 9390]"
0.648816666666662,0.11126870588762029,0.008147337718480002,0.030664636248417,9.131043043043043,-0.003188323353281676,0.001480644320388256,804.6748188323905,0.02300207982824309,0.0010000000000000013,8.0,"[38074, 20725, 10818, 41068, 34552, 6557, 13291, 238, 14655, 20277, 1664, 11878, 186, 15563, 22434, 859, 2920, 20571, 6861, 46878, 46108, 1189, 46555, 3831, 2259, 9856, 906, 22275, 9027, 2105, 6212, 17666, 24211, 1344, 3200, 5554, 1459, 16128, 1090, 11028, 3913, 29401, 44861, 43537, 11764, 4800, 9216, 87976, 53051, 32626, 6777, 18729, 24494, 3355, 1362, 2048, 4757, 173, 19123, 15131, 7110, 680, 419, 2240, 1569, 2031, 30414, 2904, 5153, 250, 23125, 54239, 10689, 29455, 1136, 26811, 35669, 19812, 9710, 35156, 14990, 14408, 1282, 1295, 22299, 7395, 11075, 32463, 8259, 3678, 156, 28885, 29643, 2727, 13098, 2490, 5078, 14559, 25144, 21444]"
0.6466779942279889,0.11557818190802857,0.007766491942844649,0.030287272699796888,8.75095895895896,-0.006777179921437937,0.0015412610922734054,798.5522836463714,0.020410024288545804,0.0009999999999999998,8.0,"[9817, 32051, 60290, 3117, 25138, 1896, 9430, 8492, 3664, 3077, 14669, 486, 617, 2825, 1236, 10120, 192, 3923, 50555, 5596, 27644, 10177, 4598, 8694, 7866, 119, 4557, 583, 3266, 15683, 13448, 1704, 7991, 7197, 4090, 10862, 4956, 20381, 3436, 16338, 7423, 532, 13971, 22870, 32048, 12729, 27847, 10517, 1881, 10907, 24834, 5050, 1071, 21031, 5769, 1271, 332, 14076, 829, 6934, 289, 6006, 14614, 48261, 21462, 1067, 3853, 8507, 2247, 102, 32506, 10290, 3741, 19157, 9819, 83, 4103, 5197, 5921, 1326, 1297, 1749, 2358, 567, 11610, 1531, 7018, 544, 11108, 20594, 21911, 4202, 8620, 588, 3470, 22938, 1753, 14251, 23053, 9188]"
0.6489090909090863,0.11334942407286148,0.007902886854790661,0.02977903463891346,8.887081081081082,-0.013631760066690736,0.0015207625363419294,803.1691444100069,0.022673827468531305,0.0010000000000000007,9.0,"[18740, 186, 9904, 5024, 6292, 27182, 5227, 12260, 4229, 3910, 6971, 368, 16418, 494, 9863, 16585, 39791, 235, 2413, 23490, 7332, 873, 1838, 8173, 5182, 2121, 1739, 23813, 15467, 13935, 12587, 10884, 3528, 9429, 1631, 22846, 24401, 9284, 15401, 16107, 79046, 979, 10049, 11116, 4340, 10071, 10490, 13093, 101, 2073, 33753, 12906, 8444, 1588, 45221, 31824, 18760, 19319, 49564, 62613, 1890, 1770, 43741, 17647, 13183, 87699, 45200, 25318, 379, 21991, 12190, 23773, 39552, 3013, 29402, 35088, 3655, 8710, 156, 6324, 25791, 22326, 16790, 1104, 10299, 13242, 3919, 10145, 16974, 50930, 14867, 29447, 5868, 17268, 4555, 24999, 35707, 2440, 11702, 1045]"
0.6458691919191886,0.11623766726717319,0.0077573906571902565,0.02930795052059988,8.741875875875875,0.01264401055424182,0.0015712773241460284,796.2772238040872,0.020996888309956316,0.0009999999999999996,9.0,"[6139, 13881, 18175, 2756, 97432, 654, 2539, 8202, 10605, 5733, 629, 7590, 29270, 30311, 10058, 1334, 8267, 10074, 19406, 1443, 12688, 13629, 3022, 11656, 14066, 5052, 2631, 14593, 7577, 22133, 3570, 845, 27986, 9005, 6473, 933, 22902, 6867, 8718, 11225, 1420, 5642, 27610, 33934, 7022, 17097, 11880, 10307, 47428, 15241, 23914, 1305, 3588, 5629, 2253, 20365, 3054, 8290, 3469, 10299, 30542, 43689, 987, 3976, 25233, 12880, 12378, 72397, 6544, 9974, 9726, 3932, 40233, 5076, 13557, 13064, 158, 6010, 10583, 1252, 7082, 20156, 13571, 6921, 3066, 1329, 17814, 77277, 6913, 8427, 1199, 11787, 8206, 2530, 1115, 9754, 42881, 14333, 4992, 935]"
0.6451220057720011,0.11153597078666429,0.008103245530099237,0.030213871792532324,9.08703903903904,0.004954845330512389,0.0015247557282913639,796.5678026201085,0.02179270013501003,0.0009999999999999992,8.0,"[6032, 6156, 973, 16707, 2737, 2498, 9113, 892, 4614, 8347, 14967, 28871, 47201, 10247, 2985, 2280, 26587, 9878, 31234, 3861, 3508, 5832, 6660, 8541, 2327, 13406, 20796, 8168, 12280, 46012, 12775, 24978, 6771, 3607, 13842, 3470, 159, 8421, 2518, 7237, 797, 11448, 11478, 2046, 2250, 13341, 8171, 6337, 4620, 1191, 7793, 3711, 21670, 6603, 2168, 26928, 1674, 6303, 19784, 503, 37581, 19993, 11496, 18378, 2059, 994, 360, 6274, 520, 2364, 44, 11440, 25122, 20879, 66161, 2239, 7847, 406, 9929, 1677, 3022, 7750, 6581, 43, 133, 1293, 1738, 11108, 43105, 272, 11852, 16027, 8317, 451, 2713, 2334, 28248, 1853, 7660, 8051]"
0.6504303030303002,0.1087955370673858,0.008329259118838276,0.03053835312657122,9.3126006006006,0.011074064118540039,0.0014612634796756212,808.2562843560753,0.024340511532723517,0.0010000000000000005,9.0,"[15474, 15100, 9467, 11870, 7344, 3215, 20225, 1717, 2565, 30859, 11041, 16674, 2949, 5672, 7049, 4446, 15614, 148, 8055, 1968, 5358, 4658, 1353, 4121, 24731, 12888, 15320, 45432, 3433, 24227, 14776, 608, 10926, 1159, 29735, 491, 33121, 13504, 1042, 3472, 1391, 23148, 7162, 2977, 15694, 19916, 5865, 24546, 52676, 19825, 7614, 17047, 4090, 25319, 5970, 2202, 64358, 2202, 956, 34971, 60183, 14409, 25383, 46946, 31893, 19937, 4392, 15475, 22683, 39253, 18700, 288, 855, 1863, 1791, 1680, 56393, 1578, 3421, 956, 1985, 961, 45410, 36568, 24475, 6021, 4665, 75, 42859, 38047, 5824, 12280, 5790, 6028, 25065, 4254, 611, 10248, 12375, 1709]"
0.6459442279942244,0.11517679618068896,0.007892110547421168,0.029774466175194043,8.876326326326327,0.013749664452504836,0.0015039572675295718,797.5076182855277,0.023955053087312012,0.0010000000000000005,8.0,"[71357, 6452, 6941, 11196, 1641, 175, 55244, 10480, 9695, 35689, 39684, 27189, 9783, 2768, 18057, 554, 3044, 7386, 20483, 436, 6007, 15903, 3429, 220, 2244, 28247, 44171, 2128, 2294, 238, 6219, 24608, 7834, 25265, 42, 13626, 4120, 115, 2267, 4988, 1383, 1729, 10672, 1539, 20134, 2687, 12475, 35573, 5016, 1837, 113, 8750, 7906, 20525, 14344, 2199, 11690, 96021, 1062, 1067, 6580, 1704, 21100, 5823, 5340, 3625, 884, 14884, 7016, 424, 30454, 1051, 30659, 1198, 25314, 3489, 34497, 827, 14358, 5111, 1650, 19439, 2095, 32808, 23562, 13266, 6874, 1116, 34012, 75502, 37322, 15351, 13158, 33568, 5161, 2992, 120, 5501, 2976, 30089]"
0.647688167388164,0.11275475553597467,0.007967781408663171,0.02995817826037572,8.951845845845845,0.014527347060738464,0.0015677111789505654,803.0683336367149,0.0229177332975362,0.0009999999999999992,8.0,"[216, 33238, 4414, 41964, 1468, 19071, 8919, 461, 2777, 5827, 6912, 8711, 5797, 13768, 107323, 3139, 5635, 6509, 2017, 7467, 26970, 6972, 8991, 1640, 9210, 175, 2779, 14313, 220, 8888, 2408, 1295, 5275, 11637, 5432, 7597, 26702, 8787, 50, 17156, 7830, 8242, 6252, 16617, 19781, 23086, 28625, 20413, 1153, 20784, 16170, 37884, 19237, 3821, 1337, 46841, 11093, 26737, 57278, 4569, 1163, 12486, 29361, 2636, 9693, 17261, 12598, 17783, 1937, 5977, 284, 45011, 5435, 2609, 2202, 1999, 895, 4869, 14033, 32092, 3616, 5847, 1733, 16117, 4175, 92380, 17905, 15115, 1971, 5817, 4355, 16464, 4235, 43615, 17302, 18475, 7281, 11843, 13321, 16692]"
0.6425813852813813,0.12243666371339708,0.007303750644432006,0.03034259077781304,8.289143143143143,0.0003715660674295221,0.00163128858217428,785.6584565074967,0.02289994881667246,0.0009999999999999996,8.999,"[72, 6929, 17585, 9890, 701, 8590, 2272, 14635, 5172, 19547, 2507, 299, 96, 18847, 1496, 1046, 7537, 3784, 7477, 273, 2559, 1444, 2266, 4720, 4877, 11928, 218, 3891, 5316, 5380, 12600, 13250, 1633, 21315, 1464, 1481, 27419, 11417, 19724, 6536, 10296, 18271, 21177, 3099, 954, 7970, 11600, 15965, 1564, 9728, 11888, 13491, 11090, 5408, 380, 462, 4452, 8655, 948, 966, 8180, 4989, 9493, 8935, 24302, 3804, 1038, 3417, 5369, 1842, 18195, 5304, 2009, 19069, 36743, 236, 2972, 796, 465, 11733, 1806, 21051, 1705, 14639, 16331, 3400, 10827, 1675, 1146, 8666, 15778, 2121, 2679, 17432, 3078, 13997, 6775, 5979, 2350, 834]"
0.6497888888888863,0.1072197316598914,0.008468023133353795,0.030140468636690825,9.451087087087087,0.02519169652597177,0.0014522153999358082,808.419967442412,0.022244492416746246,0.0009999999999999996,9.0,"[15663, 10882, 7560, 307, 25840, 11474, 50761, 488, 12377, 176, 77203, 386, 4826, 15432, 40924, 26456, 4572, 12552, 20300, 10409, 82, 2231, 19159, 467, 5457, 18940, 40341, 6881, 35314, 3374, 1611, 2309, 3039, 7996, 322, 4172, 7463, 6333, 4604, 10650, 12395, 36554, 35318, 150, 3134, 63224, 7154, 23143, 67101, 20076, 614, 13634, 12513, 22290, 381, 220, 40484, 22121, 5659, 14694, 8102, 843, 5429, 33821, 21666, 6538, 28389, 4734, 8996, 16727, 13780, 50870, 81965, 2003, 14312, 393, 34897, 62062, 4065, 11335, 89146, 31354, 8235, 5843, 11350, 25119, 2062, 73326, 32847, 8219, 5529, 13238, 11071, 156, 21424, 32190, 70919, 8894, 741, 17020]"
0.6450161616161587,0.11831977954624304,0.0075601974720211195,0.029875065218684483,8.545077077077076,-0.004678730580554675,0.0016073800880245996,794.1190470462784,0.02252306049525132,0.000999999999999999,8.998,"[2657, 1161, 8103, 7996, 12375, 1148, 648, 400, 7207, 16986, 31875, 6127, 6875, 5454, 24705, 731, 4328, 7048, 2495, 3551, 12948, 7819, 7779, 33983, 2085, 8522, 4669, 4569, 4102, 8556, 13297, 2816, 158, 2448, 1713, 1336, 11687, 9242, 11791, 1721, 5834, 10111, 26687, 34006, 516, 1559, 7137, 542, 28793, 687, 8683, 2526, 3574, 731, 3648, 4021, 3764, 11712, 12228, 38965, 11507, 2955, 10571, 14071, 6650, 2583, 513, 24716, 8743, 16580, 244, 33878, 1432, 26613, 10880, 4929, 23527, 9614, 1300, 7659, 29977, 3343, 1705, 3865, 10326, 121, 6303, 329, 24868, 31172, 8943, 20539, 25819, 33572, 29013, 4929, 5622, 150, 3690, 2331]"
0.6470353535353506,0.12231698537231078,0.00731292013456342,0.030294277715927832,8.298294294294294,-0.00449378799910189,0.0016105667371416317,796.9521519176747,0.019407883883557766,0.001,8.0,"[1476, 10334, 24366, 18935, 15902, 12514, 11583, 1012, 1438, 8912, 3790, 144, 14592, 11388, 13434, 7061, 16224, 90, 33465, 7684, 4373, 20535, 5055, 9364, 9693, 4681, 1942, 5803, 3753, 35393, 4851, 18369, 10155, 5862, 4076, 2523, 919, 48, 10390, 13254, 2279, 8471, 3254, 180, 33532, 11552, 14118, 10729, 18383, 2839, 528, 14758, 51130, 4708, 639, 8069, 17754, 24266, 27468, 504, 931, 18233, 14941, 4580, 29613, 1189, 4995, 1511, 3794, 36279, 15229, 21139, 9847, 6825, 723, 29196, 20125, 28758, 9395, 6146, 6908, 5345, 340, 833, 7284, 16289, 34057, 3486, 4656, 5200, 2573, 4549, 10092, 3636, 25020, 5344, 2151, 297, 11542, 19324]"
0.649254184704181,0.10883703389957113,0.00832709462969984,0.03014410036670806,9.310440440440441,0.00338328576069998,0.0014724409515697355,806.1565798879501,0.024044119234455045,0.0009999999999999998,8.998,"[2029, 2044, 17343, 35058, 762, 34459, 11418, 5227, 27760, 4164, 14294, 525, 374, 11561, 553, 978, 28021, 13589, 5275, 20063, 6065, 27175, 28514, 6933, 32066, 13965, 25380, 17377, 2805, 11240, 10697, 54542, 14701, 20351, 65696, 303, 20305, 29820, 19443, 3102, 23523, 2791, 31741, 659, 5850, 2307, 41183, 37574, 5074, 12615, 11175, 11905, 20150, 31203, 10537, 15988, 40679, 8059, 18618, 4532, 12425, 49290, 1347, 24175, 6768, 7125, 1216, 9129, 14648, 3470, 8382, 10394, 4771, 46825, 24437, 13844, 19131, 16793, 65408, 3028, 3158, 1917, 14300, 36612, 576, 18256, 30713, 1502, 19782, 1605, 40310, 58237, 8630, 14520, 28492, 539, 5313, 22163, 6061, 10941]"
0.6491707070707033,0.11188325338763187,0.008070814301275223,0.028019305569564962,9.054672672672673,0.0120559440075672,0.0015426128385320709,802.4244342191242,0.020681998614637223,0.0009999999999999992,9.0,"[35365, 20164, 8494, 17620, 34331, 38604, 9489, 46961, 27486, 391, 61, 37926, 29833, 1079, 60457, 5281, 8676, 25435, 1097, 37611, 3242, 12120, 21644, 2213, 9724, 9578, 1920, 7771, 26571, 21269, 8847, 13156, 19794, 15832, 42731, 6060, 5845, 923, 4338, 7295, 41119, 3764, 3688, 6043, 3949, 20013, 674, 18063, 26075, 6022, 2953, 476, 28638, 1687, 471, 3432, 31991, 43, 15108, 6241, 16100, 2338, 42264, 24631, 8490, 38373, 30522, 7227, 6843, 9221, 8346, 25309, 6317, 18641, 5379, 9332, 5635, 223, 21034, 5042, 11659, 409, 30452, 3140, 32814, 9763, 20290, 17067, 7078, 27716, 13316, 11015, 25614, 15574, 12253, 20494, 4552, 1026, 10898, 19544]"
0.6457093073593035,0.11665097482001585,0.007708520143389882,0.03085521186592272,8.693103103103104,0.0038699568187696752,0.0015994863895340385,795.5692761453655,0.02242304149849633,0.0009999999999999985,8.0,"[936, 13169, 3692, 535, 21994, 44905, 7275, 5825, 5504, 18401, 1208, 2050, 7164, 10747, 22708, 15387, 10277, 550, 5991, 5910, 11296, 13206, 3275, 3783, 500, 237, 28648, 21060, 27744, 6884, 3862, 7687, 3391, 44181, 5775, 3303, 7624, 8844, 3847, 5771, 39249, 8149, 4010, 17373, 3091, 600, 12382, 30445, 16315, 27408, 3735, 9290, 11739, 10591, 2818, 9301, 1790, 5685, 4276, 2749, 13551, 891, 17502, 12928, 9405, 3621, 5261, 26603, 13307, 21849, 3621, 16239, 22599, 29073, 6829, 3733, 67917, 11954, 5945, 1068, 5889, 4298, 17543, 4188, 2856, 3135, 24060, 14965, 3041, 3815, 1484, 32424, 1184, 5708, 17018, 23377, 1667, 9035, 12868, 15845]"
0.6435585858585817,0.12246476895027865,0.007258880122607577,0.03091134923080636,8.244362362362363,-0.008381947414671442,0.001666547524292902,790.7996050767642,0.021860344682975714,0.0010000000000000005,8.999,"[10071, 15578, 5438, 3011, 6112, 18261, 2531, 5649, 3570, 11984, 10880, 3013, 11709, 598, 3152, 18344, 15234, 181, 7341, 137, 6064, 1187, 688, 8202, 7021, 4375, 1984, 5516, 2096, 10675, 11121, 29471, 29267, 4255, 106, 21442, 20799, 4011, 21195, 4490, 7700, 18098, 13014, 1190, 2246, 6250, 10088, 31082, 6083, 33966, 834, 16809, 2230, 4403, 1683, 1448, 20900, 4805, 2085, 30275, 49513, 6216, 4203, 6616, 12571, 10758, 482, 17308, 10596, 1512, 247, 15057, 488, 5963, 2375, 7920, 1480, 17270, 11945, 3038, 5793, 3643, 1159, 35170, 12794, 26014, 8270, 7894, 24773, 924, 43352, 3637, 10881, 1020, 2997, 12689, 5123, 1924, 6255, 25363]"
0.6448526695526662,0.11392604422118996,0.007929596931600941,0.030232682681852904,8.913737737737737,-0.008792175645324274,0.0015174633371141256,797.812598891116,0.023740431733231464,0.0009999999999999992,8.999,"[23908, 2214, 3749, 7491, 38450, 8128, 13195, 2364, 6357, 771, 1949, 6345, 66174, 17493, 8495, 7445, 51511, 23888, 14961, 979, 13469, 14644, 35063, 4696, 3429, 2343, 7939, 13851, 10522, 4235, 13453, 26174, 4490, 49330, 5248, 547, 9314, 5575, 22933, 42432, 368, 27340, 48460, 6700, 11096, 3677, 7218, 8466, 15398, 3790, 15127, 4022, 32492, 2454, 8054, 5968, 21742, 13617, 8555, 9093, 906, 33933, 4885, 61193, 553, 5175, 7715, 6175, 22422, 1727, 9114, 7309, 10574, 49399, 20982, 10360, 15037, 42965, 45783, 36767, 4212, 1098, 16418, 15380, 11461, 34424, 1860, 8267, 28482, 2827, 1022, 8679, 20242, 2047, 17855, 22381, 23511, 19323, 45552, 22153]"
0.6490204906204879,0.10037249058295625,0.009168386823697444,0.030315691875348588,10.15005005005005,-0.005200207343747886,0.0013997022443254137,805.3190947525884,0.025119438709830966,0.0009999999999999987,8.0,"[6266, 5611, 42099, 2500, 32922, 35183, 17124, 11142, 1216, 4444, 3590, 9363, 7303, 23611, 18270, 25371, 6802, 10965, 98882, 67300, 3523, 12675, 10454, 4157, 2280, 7028, 4630, 2751, 17188, 4806, 39628, 16638, 42209, 51922, 7135, 35150, 11758, 37918, 34886, 23771, 14777, 2461, 20311, 46900, 12396, 26379, 1076, 42295, 33910, 20325, 3187, 5106, 11768, 35061, 5383, 53885, 20034, 12303, 35362, 730, 18397, 38213, 13214, 20973, 8141, 17506, 1457, 7665, 38486, 9739, 3482, 1127, 30579, 6900, 6474, 3327, 6108, 22541, 107259, 33968, 3986, 24326, 900, 42465, 28947, 25538, 1059, 14797, 31469, 30324, 21156, 863, 3003, 8577, 6140, 5846, 4799, 30367, 15025, 3233]"
0.6505474747474709,0.1078695994201184,0.008455096378944073,0.030055126938391505,9.438186186186186,0.02294164617739643,0.0013912437714164215,810.2735290460741,0.024479849908468243,0.0010000000000000002,9.0,"[21939, 7252, 25855, 13449, 2214, 15870, 19874, 4661, 143553, 659, 8608, 8650, 7886, 47102, 1428, 17342, 1887, 23628, 3721, 3563, 22797, 26867, 2455, 18463, 2946, 4224, 11356, 5127, 23399, 49967, 411, 102, 4661, 42414, 18288, 23583, 28189, 42052, 22782, 791, 5729, 886, 21005, 8473, 809, 41857, 16896, 15967, 689, 32309, 210, 8440, 11565, 8303, 45532, 6412, 11767, 39337, 16686, 24474, 27837, 7191, 2706, 7915, 9507, 44458, 21782, 2066, 21158, 85353, 15106, 55154, 13373, 9496, 8547, 53275, 89939, 224, 9697, 14570, 28851, 58114, 3097, 13812, 2050, 35463, 1295, 1050, 15429, 5556, 12384, 7207, 70018, 13806, 14599, 17092, 9961, 28584, 22114, 1009]"
0.6473181096681068,0.1111988552464287,0.008163967574789219,0.02844831028701434,9.147639639639639,-0.003039513677768225,0.001470557055387574,802.7402793749433,0.024216438148051682,0.0009999999999999994,8.0,"[3723, 7549, 2647, 32683, 14488, 9069, 4408, 33022, 49951, 13822, 4463, 5525, 7376, 4055, 921, 7532, 6614, 2040, 2230, 1471, 1060, 47911, 10405, 11398, 15014, 12637, 1772, 71209, 4185, 698, 8794, 45307, 2343, 21078, 62072, 1892, 35580, 28018, 5590, 64296, 3903, 41889, 12873, 28114, 2457, 13738, 17004, 5025, 5300, 7136, 15087, 11317, 10152, 16594, 389, 12956, 4864, 17644, 805, 11483, 8221, 8586, 3798, 24379, 4758, 33755, 31733, 1951, 5296, 3833, 15906, 26526, 2594, 13610, 7172, 22839, 11894, 5709, 11500, 6192, 25687, 14419, 53075, 1569, 43712, 9467, 1334, 4987, 2335, 3769, 43612, 13773, 53291, 22507, 1344, 6226, 35487, 1811, 6031, 44533]"
0.6525146464646427,0.10350995739231833,0.008807452743324486,0.029999122423004686,9.789837837837839,-0.0006604358878198684,0.001388383005505814,815.4576588021072,0.02279657670599748,0.000999999999999999,9.0,"[9541, 27729, 39599, 21684, 11057, 144, 86420, 38326, 38048, 27057, 11600, 55713, 14825, 24914, 31627, 22931, 1842, 161758, 38856, 8286, 62893, 20947, 3115, 31778, 19964, 68501, 13764, 10487, 19608, 60941, 19297, 6485, 10466, 3443, 4003, 19864, 20632, 12189, 18834, 17822, 458, 15014, 3504, 13808, 4940, 9714, 4031, 431, 27440, 16649, 29261, 30769, 11829, 44860, 16648, 18173, 12232, 37081, 14859, 6662, 6717, 25210, 17439, 18995, 10095, 63090, 5224, 19642, 5807, 18231, 10624, 13834, 39616, 7388, 401, 32132, 2440, 45000, 18059, 37492, 2028, 11820, 15451, 17112, 22763, 24737, 4043, 29881, 18889, 6683, 11429, 37188, 37646, 88579, 72021, 12698, 23752, 42014, 12937, 12512]"
0.6482765512265466,0.11196101997751988,0.00819599960682125,0.030149730735653624,9.179607607607608,-0.013842499476535802,0.0014837524451282852,800.6023613231632,0.020552890969523098,0.0010000000000000009,8.0,"[778, 23995, 50681, 74052, 9066, 19797, 391, 4478, 921, 1521, 12455, 1008, 9231, 19353, 15001, 38342, 135, 71, 4450, 124, 801, 40757, 4416, 9679, 6766, 6147, 491, 1585, 2566, 19032, 55794, 6047, 4357, 3679, 11672, 136, 40871, 3797, 3947, 15512, 13136, 4033, 54857, 1352, 18489, 27116, 25759, 2023, 3439, 4355, 4046, 7895, 431, 9356, 5953, 17635, 2435, 7469, 18270, 10093, 28821, 20828, 750, 20389, 1289, 8219, 107252, 34501, 1217, 13880, 19848, 1361, 23034, 486, 114, 33107, 9798, 408, 3017, 45946, 32165, 11756, 5105, 32426, 7333, 1691, 847, 9490, 2362, 6038, 36546, 3230, 11385, 9807, 25, 13519, 33771, 759, 10312, 34304]"
0.6475135642135607,0.1138212543461099,0.007946581852393475,0.030717620905863118,8.930688688688688,0.005810633795687711,0.00147325347773335,803.4991377834357,0.022064888435445816,0.000999999999999999,8.999,"[1113, 21086, 65357, 5610, 12426, 16173, 42492, 1078, 40270, 743, 1316, 6309, 16685, 7947, 6547, 10281, 21132, 5217, 6741, 24029, 28605, 9521, 3033, 15655, 44285, 45171, 14837, 1753, 24651, 42919, 43772, 5711, 550, 30685, 6963, 21113, 5998, 15839, 3125, 14018, 11280, 11461, 9186, 14823, 15053, 24606, 47407, 25541, 12923, 17807, 14569, 2447, 21744, 21254, 7746, 16572, 5613, 3805, 33471, 14431, 7922, 18167, 2760, 14514, 21002, 1347, 20028, 20691, 16275, 5194, 9697, 12526, 17019, 500, 16721, 13791, 21483, 7121, 1466, 12499, 23392, 2647, 26593, 20461, 141, 2734, 4911, 23357, 33280, 37615, 10655, 20234, 1160, 20542, 1155, 4681, 23953, 12469, 13549, 32024]"
0.6504059163059129,0.10480159567150155,0.00880142667717818,0.02789566631084173,9.783823823823823,0.008274608531697765,0.0013979335789398278,809.607052965816,0.02285685820223377,0.0010000000000000005,8.0,"[231, 9918, 12170, 2594, 16477, 14309, 65675, 15367, 21802, 4388, 38643, 38980, 8596, 17542, 9259, 26152, 3762, 11564, 5740, 35844, 28430, 1313, 2790, 1441, 46995, 2195, 13370, 21202, 240, 11161, 20444, 10081, 11607, 51765, 23876, 15805, 12863, 13434, 3144, 17367, 42024, 8510, 34483, 79, 36374, 8820, 21982, 31998, 6940, 35053, 12331, 11220, 4160, 12855, 6834, 11485, 4864, 3940, 18907, 5022, 24402, 19230, 20466, 17014, 7242, 24282, 4467, 9991, 8099, 381, 47463, 55963, 27307, 21891, 30957, 79161, 10381, 64934, 16031, 15388, 46696, 60053, 214, 6980, 4995, 2851, 58523, 18245, 3976, 35211, 58194, 17456, 5528, 56686, 7019, 4053, 335, 20866, 33862, 5488]"
0.6437409812409773,0.12543176930764377,0.007069799258176012,0.029143272679201533,8.055659659659659,0.022982046124377636,0.0016880873644414868,788.1636752977383,0.018809445332610395,0.0010000000000000002,8.998,"[8336, 15559, 1635, 5638, 3523, 2802, 6156, 17406, 5525, 6939, 487, 8515, 15113, 2496, 34477, 17860, 8759, 1515, 834, 6044, 6462, 5783, 9152, 606, 5570, 944, 17293, 1539, 192, 2322, 15434, 4432, 9785, 188, 7771, 9479, 12953, 5467, 14095, 183, 1877, 31, 1188, 1472, 17079, 9075, 6510, 3440, 1962, 26653, 10909, 318, 37426, 8040, 12080, 2143, 13914, 2746, 13660, 1335, 12500, 19218, 15566, 8109, 13647, 1863, 2930, 160, 356, 638, 7992, 7390, 21089, 7133, 3087, 2478, 10857, 724, 22590, 1241, 9830, 24475, 14850, 5807, 1693, 4139, 3660, 5574, 19266, 5537, 2038, 2799, 11848, 9194, 4194, 7219, 1309, 2373, 5379, 4316]"
0.6506449494949459,0.10080719458451975,0.00914823641276547,0.03035392295730003,10.12993993993994,-0.006149956373269777,0.0013792820684223165,811.1875577064674,0.026287817181111183,0.0010000000000000002,9.0,"[23338, 5198, 30535, 26728, 415, 5030, 23695, 22675, 51301, 34436, 27325, 5008, 265, 7325, 5715, 25675, 6181, 25211, 19298, 7742, 8165, 8659, 179, 67555, 12308, 3082, 19533, 370, 1635, 1880, 12043, 80893, 13498, 72, 42901, 23994, 38121, 30763, 9262, 9698, 490, 38556, 11577, 9904, 1971, 691, 2039, 21710, 25666, 3899, 2820, 30205, 20012, 886, 17063, 10376, 1870, 53050, 20455, 38230, 901, 26197, 12324, 2137, 356, 2160, 269, 7189, 8048, 4344, 21396, 22171, 46474, 236, 13636, 421, 20700, 8912, 27829, 51778, 10176, 24099, 13074, 20353, 7514, 2132, 225, 75, 11158, 4019, 30381, 16883, 19617, 48600, 45444, 32877, 14106, 10567, 534, 11707]"
0.6475995670995629,0.11385805275811087,0.007909205798985358,0.029785094185348797,8.893387387387387,-0.0010611247923064285,0.0015452717149534799,800.7080260617114,0.023614511474072047,0.0010000000000000005,8.0,"[388, 13214, 15662, 399, 5249, 5239, 1696, 4963, 1321, 8316, 1090, 52, 5529, 29749, 9997, 5081, 16492, 38694, 19505, 2534, 3908, 1322, 151, 3870, 490, 9593, 5455, 20601, 13992, 5627, 27796, 12029, 504, 2801, 520, 25675, 6977, 27970, 5216, 10198, 32190, 3726, 18498, 14856, 2328, 14420, 9008, 1795, 2945, 17082, 896, 16290, 35546, 1533, 6315, 11872, 7392, 18062, 9647, 16808, 6203, 2464, 763, 6074, 17325, 1151, 2190, 22547, 43407, 6945, 8857, 8798, 23929, 14197, 10981, 6917, 9342, 5002, 5480, 591, 1889, 574, 11538, 13557, 513, 29791, 11790, 3524, 15829, 4809, 41071, 9477, 4598, 5164, 2086, 3508, 7658, 6000, 13187, 580]"
0.6458431457431424,0.11793243928730347,0.007595076037961809,0.030739942466046086,8.579885885885886,-0.01764360452721227,0.0015917825877983804,797.6179021792447,0.021971477846589108,0.0010000000000000005,8.999,"[12404, 16075, 3882, 25084, 14374, 6176, 2698, 1482, 10961, 17670, 619, 3126, 3885, 397, 13643, 9294, 12865, 7746, 19769, 34749, 27306, 3723, 25819, 6994, 1218, 5472, 9407, 39137, 819, 24451, 10925, 32709, 4147, 13324, 18322, 17686, 4223, 3165, 3238, 5294, 8292, 7112, 21696, 20811, 10079, 23724, 95, 8630, 1274, 14304, 248, 30080, 849, 20098, 10495, 24771, 22063, 11087, 6506, 26622, 14478, 19613, 2187, 10837, 11334, 452, 4209, 12101, 1091, 23787, 1931, 1054, 8780, 108, 2752, 2878, 62, 7811, 14801, 22756, 413, 7710, 992, 23459, 24850, 14062, 5240, 10313, 5964, 6072, 13282, 24916, 25431, 7167, 8024, 13399, 20229, 6740, 19646, 5324]"
0.6461575757575719,0.11766560666423484,0.007631011773296342,0.02846233110720321,8.61574974974975,-0.02533032754205899,0.0015875617203121896,797.0471558770048,0.021444092741034076,0.0009999999999999996,9.0,"[9459, 4131, 1918, 6357, 14769, 1875, 25257, 2810, 1346, 12643, 4589, 8875, 3907, 9254, 28656, 8943, 4065, 11047, 13868, 8236, 17089, 21494, 4091, 27519, 22454, 1149, 8399, 8748, 13809, 15322, 16219, 98, 1160, 15679, 2102, 15624, 11891, 767, 1072, 1531, 16059, 7022, 14915, 28183, 14992, 3653, 12601, 22954, 6694, 6209, 2241, 8490, 8531, 7041, 2559, 26734, 378, 1022, 13659, 2402, 726, 1044, 12919, 3284, 27649, 7991, 18627, 5126, 17224, 36059, 21320, 431, 34466, 29286, 387, 5491, 2213, 8851, 24434, 2510, 13148, 4465, 13217, 41402, 8889, 3340, 5342, 5994, 18674, 4650, 8222, 8760, 2320, 13816, 23335, 1647, 36502, 18155, 287, 44320]"
0.64692929292929,0.11702120255397158,0.007662762963364167,0.030136472351100275,8.647437437437437,-0.0009749861833221257,0.0015663272679981187,800.0271569934588,0.022457152083887964,0.0010000000000000002,9.0,"[8978, 4172, 872, 13189, 798, 16518, 19439, 8265, 2493, 88, 5861, 5578, 14082, 9705, 9086, 1345, 8759, 1149, 8180, 14685, 5396, 1670, 8081, 78, 6108, 27926, 20964, 11087, 7190, 3403, 15317, 9219, 11005, 11159, 2931, 4044, 5346, 7149, 6388, 17435, 342, 38289, 6193, 5046, 6201, 51087, 46905, 16495, 11321, 308, 5070, 1076, 10824, 767, 4377, 23690, 1110, 6653, 18194, 1640, 10218, 15351, 55186, 4051, 4273, 1403, 31260, 25884, 6368, 12750, 8430, 5806, 2007, 4682, 23610, 1732, 22737, 4313, 14157, 1375, 12188, 10530, 314, 3078, 19293, 21353, 3754, 7040, 22033, 6982, 30478, 757, 458, 6689, 20139, 20268, 32479, 34920, 608, 4861]"
0.646555194805192,0.11463087525434405,0.007876728431838651,0.026927724989431693,8.860974974974974,-0.011077542799534056,0.0015159236382422496,799.9428960803053,0.02133819376040301,0.0009999999999999996,8.999,"[11681, 1831, 9864, 21519, 24844, 37445, 26698, 21628, 10943, 6294, 21716, 21550, 2172, 6764, 7715, 28826, 25897, 2259, 6676, 11554, 8339, 3172, 2310, 15998, 3109, 743, 3277, 8744, 2850, 10773, 11583, 12483, 1011, 4728, 49610, 1762, 17539, 1205, 2259, 19658, 14055, 480, 13176, 1050, 2728, 7297, 2738, 618, 4765, 98, 12208, 16453, 1189, 13670, 26658, 9829, 3382, 36974, 1854, 12670, 19849, 11321, 11789, 814, 19644, 1413, 16885, 26069, 17425, 3145, 25923, 6056, 5769, 7369, 11302, 5011, 7192, 10982, 11258, 13326, 1224, 924, 744, 6031, 19756, 14014, 4302, 1080, 12682, 1273, 79713, 8971, 6521, 11054, 5046, 7157, 12995, 24829, 42425, 4442]"
0.6488569985569946,0.10727113994430618,0.008547419162649623,0.02994608484631942,9.530324324324324,0.0013845058251807979,0.0014526096554632465,805.7636876311019,0.02416026028073186,0.000999999999999999,8.999,"[9174, 10223, 57183, 6637, 38579, 2177, 15579, 69751, 8339, 18082, 14092, 5487, 12534, 7933, 20323, 5686, 44767, 6585, 4288, 665, 16598, 298, 1779, 2951, 29945, 13731, 678, 12719, 1349, 4657, 16122, 243, 16450, 41000, 19726, 8251, 640, 5073, 56425, 11770, 19252, 21137, 314, 1991, 10914, 11226, 7479, 10429, 23125, 3528, 10092, 14825, 12095, 13127, 1184, 20514, 19207, 3015, 38578, 4320, 7237, 11040, 25850, 27254, 4498, 1852, 28724, 227, 6097, 38128, 23716, 10823, 13358, 9509, 367, 4358, 454, 19146, 5937, 17751, 1095, 4515, 34759, 1879, 5452, 2645, 45448, 6975, 43266, 2562, 161, 4788, 4197, 9813, 14885, 3254, 44090, 10527, 583, 718]"
0.6499257575757532,0.10884744137520212,0.008344601114140192,0.03027562883902924,9.327911911911912,0.0018730024290594023,0.0014289694495297192,809.1356737491168,0.025178555052800932,0.0010000000000000002,9.0,"[40035, 24999, 27201, 12061, 1685, 10713, 4887, 24775, 23413, 10584, 17794, 41690, 2384, 57149, 1803, 106687, 3847, 36815, 23956, 38224, 6775, 12650, 45724, 2089, 10123, 2210, 7460, 34399, 5806, 9600, 45152, 3142, 8471, 771, 10121, 27966, 893, 12939, 74895, 31437, 11500, 1791, 10810, 8975, 38882, 11350, 43113, 1844, 31956, 12178, 38136, 5657, 22476, 13650, 12186, 1350, 1242, 11829, 13600, 18771, 3099, 986, 43102, 19554, 5548, 14363, 217, 1147, 6096, 15115, 17125, 6895, 2980, 2140, 11761, 2904, 17478, 760, 17990, 18296, 19929, 58926, 8480, 19953, 109535, 4918, 15790, 68552, 406, 11207, 11876, 9682, 13343, 2406, 1162, 15448, 9155, 815, 967, 27657]"
0.6482386002885968,0.11385742571358529,0.007959831575062037,0.03058766224154175,8.943911911911911,0.01956713786358463,0.0014736574425852499,804.5051821468969,0.022985473736557727,0.0009999999999999992,8.0,"[25375, 553, 3916, 5098, 1287, 2745, 22957, 19059, 23374, 35438, 8852, 2744, 78593, 7257, 20036, 4784, 16859, 22636, 11403, 42581, 2673, 19994, 5886, 1713, 985, 14105, 13089, 3716, 5415, 55539, 3695, 49909, 5318, 31813, 1932, 4276, 17780, 3769, 25265, 40937, 2107, 4575, 1224, 4477, 6210, 2086, 58185, 21571, 12446, 5892, 16538, 25470, 8453, 19386, 13094, 4027, 1028, 63745, 24154, 17407, 6544, 6535, 1405, 3229, 13196, 28466, 7051, 15551, 705, 10911, 14823, 9139, 28825, 1736, 313, 1751, 11977, 15080, 34262, 5008, 6759, 53619, 37939, 8817, 14915, 54017, 36475, 10838, 19208, 44577, 15178, 8468, 18410, 13444, 6231, 44903, 14100, 6988, 3995, 10343]"
0.6445316738816704,0.11793682236982231,0.00763895358284136,0.029135697783475866,8.623675675675676,-0.00854410227270761,0.0015942212408258927,793.9349698028269,0.022910188789179088,0.0009999999999999994,8.0,"[11001, 17052, 25687, 5877, 3194, 20325, 9732, 3863, 18008, 13136, 1053, 9053, 22442, 4853, 2075, 37371, 5613, 17657, 26080, 25442, 31333, 54218, 664, 6831, 2595, 3444, 2095, 2035, 5681, 322, 6987, 1543, 5095, 16327, 32022, 3868, 5196, 16909, 2040, 8147, 49985, 2883, 18775, 5226, 1776, 36096, 7537, 8813, 12379, 5136, 16328, 1182, 34113, 3786, 10650, 2077, 16709, 1995, 8370, 3506, 3863, 17868, 2182, 5918, 639, 3113, 5402, 4939, 2412, 7452, 10508, 1728, 16996, 8563, 812, 9097, 10388, 871, 4570, 1107, 6941, 3792, 2330, 11959, 13007, 1470, 18475, 9083, 4129, 8779, 5132, 12758, 11934, 7810, 10123, 6027, 1259, 4029, 1077, 4007]"
0.6466215728715695,0.11035159578489157,0.008216354631184287,0.029214704436098585,9.199921921921922,-0.008691204978386404,0.0015069774122649774,800.7791795050323,0.023754236325273112,0.0010000000000000007,8.999,"[5619, 6781, 2160, 5607, 1161, 11936, 2779, 33932, 2301, 9107, 46617, 19355, 65065, 10357, 34974, 2549, 5010, 3419, 10989, 218, 1239, 33977, 53781, 4253, 6536, 74011, 13425, 8797, 4268, 9639, 4799, 26871, 14122, 4600, 3076, 50901, 6161, 4738, 23558, 13117, 22929, 37329, 6282, 7050, 26760, 19029, 6999, 12744, 16005, 185, 6904, 294, 14240, 10647, 1313, 49201, 22982, 1364, 8111, 13767, 1075, 9683, 45127, 4365, 50002, 67163, 27523, 6156, 59762, 2467, 43764, 12016, 3063, 10908, 22284, 27516, 36755, 511, 19320, 22064, 14025, 16122, 18223, 5657, 7435, 607, 21450, 28827, 2547, 8824, 15261, 71619, 32793, 3796, 27812, 2375, 15635, 23545, 8348, 34516]"
0.6458234487734464,0.11764635887366492,0.007594574534454293,0.030182274880751897,8.579385385385386,0.000889131222718764,0.0015630304502080889,798.6464354581149,0.022482818640786613,0.0010000000000000013,8.999,"[14290, 5555, 7454, 6027, 36689, 5821, 681, 205, 13330, 4802, 5467, 2888, 26131, 5520, 272, 4028, 1992, 10135, 15220, 34157, 3304, 15825, 2225, 11456, 18874, 15638, 2393, 30532, 2064, 4277, 3725, 27980, 25346, 19758, 29967, 1011, 26874, 1991, 28119, 4176, 1432, 19287, 22273, 928, 2734, 6907, 1484, 1627, 2205, 61037, 44595, 5325, 1122, 3293, 2482, 8923, 37499, 52803, 1317, 9303, 1027, 13854, 4292, 7642, 1281, 10210, 7267, 19692, 238, 539, 400, 8019, 10173, 3766, 7940, 42663, 5266, 10755, 34044, 10020, 4331, 19801, 410, 6704, 6477, 5598, 8178, 9203, 9977, 4296, 5400, 12271, 269, 11709, 15003, 3352, 2253, 43023, 8395, 31071]"
0.6475898989898963,0.1147641488532829,0.007890040340942145,0.030229697703954863,8.874260260260261,-0.0068835273469231165,0.0015504730740338352,799.0711184737834,0.023223790143726407,0.0009999999999999996,8.0,"[2285, 2958, 3965, 8518, 50319, 11706, 1157, 5076, 6013, 9126, 13950, 17471, 24173, 10265, 20161, 351, 18261, 12343, 375, 1519, 6098, 16578, 24926, 6932, 2040, 28806, 11499, 11235, 1008, 1585, 9274, 24292, 16376, 7724, 4851, 2838, 22367, 9526, 13781, 13710, 28263, 6953, 1764, 6067, 3209, 4074, 19236, 10935, 5521, 40944, 28642, 2510, 3008, 109, 13114, 17658, 13995, 6138, 11069, 7012, 7408, 6029, 21681, 6750, 41395, 20495, 11230, 26671, 2568, 4339, 37768, 750, 13797, 22414, 914, 57056, 184, 20585, 43681, 2646, 344, 22735, 2100, 16487, 10691, 16130, 15160, 36133, 29831, 10670, 37245, 2259, 36724, 1946, 24521, 4269, 2369, 30880, 7134, 10293]"
0.6512935786435744,0.10394997405657842,0.008805448735308452,0.03069182462463252,9.787837837837838,-0.005458527672894266,0.0013619642662137373,810.3304380195169,0.027608873601836295,0.0009999999999999994,8.997,"[40681, 8606, 24183, 13991, 26750, 8275, 1155, 2905, 35053, 23082, 1921, 1580, 17891, 1396, 2271, 15975, 8013, 150045, 40268, 9250, 4437, 16005, 30884, 34217, 39185, 2621, 16657, 387, 53982, 7879, 21859, 28974, 601, 8140, 2853, 31751, 9839, 44236, 18284, 53731, 38124, 5902, 56426, 41402, 18293, 21686, 19174, 20180, 32262, 18905, 16064, 2578, 30214, 7179, 29294, 9546, 1670, 53895, 17525, 28558, 25941, 12636, 8164, 14173, 3433, 9801, 8357, 368, 12266, 7656, 50315, 26825, 5927, 1599, 15411, 14542, 12480, 21235, 36535, 2520, 35720, 41440, 14938, 31199, 6201, 12938, 117, 816, 39930, 71873, 35412, 5039, 40873, 2122, 23975, 26607, 12760, 10081, 2388, 18326]"
0.6474888888888848,0.11152429147613936,0.008088300725575273,0.03033588399616065,9.072124124124125,-0.015105740181195813,0.0015256181535398933,799.9762227195972,0.024402976789910186,0.0010000000000000002,8.999,"[6774, 7379, 8503, 1104, 23591, 20188, 4993, 12569, 18422, 13731, 4527, 30577, 22698, 3912, 9549, 2501, 2045, 15481, 5363, 21049, 8902, 4189, 9688, 16537, 11771, 11227, 48283, 5988, 9818, 7772, 3846, 26170, 13159, 8975, 15783, 2079, 8728, 1700, 2889, 4299, 65750, 6312, 13574, 8752, 3268, 8568, 11163, 22054, 4689, 8073, 49775, 1661, 17497, 10638, 12756, 28197, 5096, 33599, 35169, 1852, 8373, 42359, 70609, 23987, 10853, 7144, 9191, 3648, 3254, 577, 16809, 4611, 126, 38022, 14797, 4290, 24318, 3514, 26120, 12450, 22408, 6103, 5012, 144, 1907, 8129, 103577, 19398, 20909, 5532, 3185, 901, 457, 26285, 1681, 1979, 847, 13187, 10877, 53964]"
0.6380090909090858,0.13154311615561623,0.006671511190549266,0.030580778648277126,7.658168168168168,0.007440821774480393,0.0018446686362967972,774.8293925092208,0.01754034996327131,0.0010000000000000002,9.0,"[14488, 8356, 6451, 10530, 5153, 143, 1365, 727, 2498, 26500, 21558, 11258, 9890, 2333, 10487, 1554, 1522, 8551, 3972, 284, 268, 1761, 7033, 3936, 3599, 3338, 7123, 1853, 3613, 16586, 12793, 7207, 14917, 901, 806, 938, 7980, 2000, 30883, 4835, 25871, 190, 1885, 1080, 8745, 3678, 2111, 21263, 939, 92, 7352, 3228, 14604, 5704, 23016, 5589, 1500, 636, 3049, 2342, 423, 3454, 3663, 6086, 1216, 6278, 5633, 6144, 290, 7030, 2466, 5181, 13355, 29326, 9712, 535, 5183, 10165, 5026, 13310, 1575, 3138, 6221, 5727, 2232, 28396, 21010, 645, 14675, 132, 6610, 4981, 5342, 6314, 19427, 664, 6253, 576, 492, 3666]"
0.6438954545454505,0.12100610536226337,0.007371022324930141,0.03059874187244476,8.35628028028028,0.01757416547547779,0.0016568332290075305,792.9457047457903,0.019746314348345968,0.0010000000000000002,8.0,"[6484, 16015, 1075, 10244, 125, 32231, 14608, 10434, 5847, 519, 8723, 6160, 12407, 15404, 4368, 19435, 2288, 3430, 6514, 9067, 2049, 24166, 824, 11895, 1729, 6673, 5374, 37246, 766, 1422, 20333, 19263, 7090, 3725, 694, 2246, 3743, 1629, 5080, 8554, 18219, 3038, 10387, 5377, 5944, 7109, 2934, 20319, 5933, 690, 1399, 7363, 7570, 28368, 23672, 13558, 7335, 20759, 34769, 461, 14358, 14220, 36173, 17073, 7578, 32928, 6600, 3823, 457, 5507, 2748, 12964, 7226, 198, 54712, 1111, 168, 21007, 24620, 29830, 18650, 40526, 23206, 24252, 14878, 13382, 5318, 1472, 17195, 461, 7481, 1764, 20065, 38984, 377, 9711, 15772, 21500, 1574, 4814]"
0.6515814574314539,0.1052224912021719,0.008707140005737201,0.030048595640411607,9.689725725725726,0.03952808308996156,0.001367550985270408,813.975156346695,0.024656315923353156,0.001,8.998,"[37595, 13883, 12169, 6256, 31104, 4267, 15510, 48389, 21458, 40928, 2902, 15659, 45739, 39595, 26265, 55312, 28510, 957, 8810, 39394, 40143, 41267, 79537, 76089, 73775, 38231, 1780, 102069, 2855, 2000, 5365, 148, 7992, 16833, 70358, 21575, 5189, 2875, 10596, 45387, 694, 34671, 19675, 27677, 7384, 25227, 64469, 35258, 12348, 3349, 40813, 16037, 554, 42545, 1933, 9406, 13066, 20214, 429, 50489, 43686, 49489, 29939, 9665, 3735, 21068, 59899, 44697, 12949, 12537, 326, 14297, 406, 2717, 25918, 32444, 57003, 27798, 25395, 9097, 4399, 23968, 18865, 478, 24656, 4122, 4884, 31748, 21495, 2122, 766, 29898, 25704, 173, 5420, 18364, 18503, 1848, 24934, 27552]"
0.6476070707070666,0.1153326913420507,0.007758790854983239,0.030131944023391363,8.743273273273273,0.0007073845577763155,0.0015977459868225026,800.1099976607819,0.020943241227172442,0.0010000000000000002,9.0,"[11129, 8439, 2749, 390, 5547, 7929, 8042, 17532, 7731, 23167, 4486, 1809, 33576, 3195, 3803, 15821, 3140, 2727, 9051, 1104, 4090, 6587, 11957, 8845, 51297, 7278, 15858, 1766, 10536, 22665, 15707, 10055, 1513, 15604, 17374, 2519, 27788, 3103, 3449, 26709, 36709, 24542, 422, 935, 5681, 6918, 12961, 97, 6710, 20503, 5480, 10656, 2678, 7292, 10870, 23775, 3081, 2266, 436, 9929, 52958, 6271, 6206, 10264, 4581, 9348, 8708, 3788, 1640, 9595, 17394, 11516, 10016, 1768, 17725, 20153, 8718, 21080, 6159, 10766, 22089, 4477, 15537, 5666, 3628, 30226, 2388, 4080, 18345, 12538, 1110, 8898, 1804, 15758, 17777, 28371, 7953, 26294, 12914, 8093]"
0.6453197691197647,0.11959423657191982,0.007475625926527729,0.03076631908993753,8.460674674674674,0.005915421235861473,0.001620451261994949,795.6502930935083,0.021155532869957774,0.0010000000000000007,8.0,"[9108, 1206, 3864, 14539, 2230, 22485, 404, 6531, 4379, 119, 1821, 19721, 1439, 816, 706, 2497, 35645, 11934, 21091, 21350, 7772, 8741, 14266, 4932, 3392, 29588, 11907, 10319, 788, 841, 11271, 2615, 14277, 1931, 3664, 660, 8589, 27050, 1069, 3554, 8880, 4231, 3569, 12534, 6652, 912, 9399, 8861, 14700, 25507, 16785, 318, 4979, 6770, 10780, 3517, 10931, 8954, 3628, 12603, 2023, 3188, 6257, 20588, 9369, 4589, 9925, 8633, 11970, 3482, 6843, 44986, 24396, 623, 3274, 3111, 24404, 14461, 39739, 5368, 2587, 14903, 4395, 51144, 4248, 14686, 5346, 6048, 15848, 1170, 177, 5203, 12000, 18352, 5339, 3578, 6954, 16191, 11823, 2184]"
0.6514093073593031,0.1018024501244768,0.009154717844096601,0.030270093798745647,10.136408408408409,0.006655408761610047,0.001321113979320331,812.1769174528588,0.02393880136858684,0.0010000000000000005,8.999,"[16405, 46447, 37188, 15816, 3097, 16057, 7975, 31426, 122, 108474, 17825, 344, 10817, 22835, 6550, 2303, 37782, 2878, 9731, 26, 16371, 9178, 13984, 13640, 110, 17977, 200, 27963, 9963, 3457, 14309, 39089, 4662, 2169, 1955, 17290, 4652, 34128, 70590, 11104, 24006, 809, 651, 33474, 35785, 20232, 104838, 936, 4215, 34881, 27704, 8324, 2451, 25112, 15419, 12084, 1770, 2515, 54740, 27780, 65267, 77999, 1066, 2030, 19299, 2299, 19296, 38428, 7356, 23090, 8305, 61955, 1678, 30983, 177, 355, 4427, 18627, 59095, 2899, 8047, 33924, 3514, 19007, 19587, 1019, 54741, 25887, 52920, 21868, 740, 16875, 9052, 93928, 25338, 4269, 65913, 1022, 1847, 44241]"
0.6473550505050472,0.1192669733556371,0.007564125247491981,0.030331062731657202,8.548996996996998,-0.0049759141430272165,0.0015618229959764834,799.4425107977784,0.02211708743928421,0.0010000000000000007,8.999,"[8982, 19069, 21528, 21751, 176, 10806, 15737, 1886, 25336, 15534, 3331, 9146, 15344, 42438, 8459, 62, 1762, 12253, 2190, 8096, 13555, 9238, 15045, 1070, 13977, 31916, 242, 175, 13569, 3176, 17231, 969, 6863, 69251, 2674, 24372, 16646, 25939, 4884, 6610, 12831, 40972, 33543, 41001, 4072, 96, 7604, 7316, 158, 52929, 24783, 1626, 1919, 13251, 10236, 48536, 2548, 9284, 1643, 17803, 10666, 6020, 5296, 10152, 19536, 1768, 4349, 33773, 4506, 5247, 1695, 11071, 7594, 3690, 5287, 584, 222, 700, 15114, 4387, 968, 10871, 20269, 14297, 1999, 11048, 3830, 22969, 13167, 882, 3309, 313, 2839, 5840, 4673, 2827, 17339, 2643, 1191, 11231]"
0.6476517316017277,0.11107707312192286,0.008131339756590257,0.029859983282950052,9.115077077077077,0.0030030030031025358,0.0014721775219070493,802.0045233739505,0.02329239060300547,0.001000000000000001,8.999,"[5546, 39059, 1948, 57300, 24306, 67972, 6458, 18306, 12409, 1603, 1282, 3172, 18696, 13667, 9072, 457, 2139, 2522, 22009, 12055, 51451, 9238, 8836, 233, 6651, 29022, 3442, 5347, 1938, 8108, 17238, 17091, 20919, 28633, 10126, 14161, 23466, 3715, 8465, 5048, 1918, 7623, 786, 137, 5637, 22299, 7671, 63338, 20264, 7945, 21639, 20040, 8024, 23961, 5023, 17600, 22934, 52528, 7565, 16509, 23784, 18192, 679, 6590, 18153, 9128, 26115, 1728, 990, 2408, 2011, 2517, 1875, 1828, 7258, 2290, 5898, 49594, 2301, 688, 29616, 9225, 2324, 4668, 4815, 26212, 1432, 15390, 17277, 1346, 13891, 12184, 8843, 19010, 24258, 17378, 594, 32779, 6435, 25662]"
0.6489149350649308,0.10410970425760252,0.008766010499477433,0.030167454642758863,9.748478478478479,-0.0031771858271127337,0.0014323765119114028,807.5933260310086,0.02524457630087434,0.0009999999999999994,8.999,"[2177, 9265, 2983, 28415, 23808, 37775, 8051, 42976, 18443, 3226, 14973, 85167, 6056, 8954, 48617, 35408, 9674, 40744, 7216, 1600, 48636, 9742, 31462, 145679, 9024, 21217, 21927, 12047, 32203, 27477, 9048, 2898, 87990, 15375, 785, 10675, 45721, 80295, 7567, 8813, 30428, 16813, 16964, 31742, 10175, 16733, 26077, 44296, 6556, 12257, 4436, 2794, 19024, 54335, 221, 3873, 21187, 16757, 304, 1130, 605, 2218, 32134, 2817, 376, 2052, 12090, 11993, 15811, 28818, 8194, 10344, 18683, 5323, 22829, 8834, 10762, 677, 12468, 12237, 19757, 665, 16039, 4256, 7154, 293, 7293, 2115, 1054, 5709, 26667, 41401, 6135, 5534, 11950, 29839, 8756, 2826, 3301, 12758]"
0.6446834776334743,0.1200967652013402,0.007441435423399352,0.030090387643049308,8.426552552552552,0.01367961934958229,0.0016052433962202952,792.7298578920675,0.022291023559767368,0.0009999999999999987,8.0,"[6081, 9227, 5048, 5036, 536, 8758, 11805, 25072, 10019, 18499, 13504, 18769, 12295, 481, 5276, 28652, 13575, 5885, 34765, 819, 1986, 3327, 10217, 5600, 2205, 9524, 4549, 1957, 8081, 231, 12471, 3636, 17549, 7749, 18920, 5615, 14056, 4946, 7233, 5368, 8697, 26842, 27601, 7751, 11230, 17193, 857, 37362, 14495, 4620, 3076, 38835, 1587, 27742, 12974, 29563, 8906, 34654, 12473, 24258, 20615, 30017, 3397, 9104, 10083, 29684, 2947, 852, 46056, 20146, 6859, 7918, 14118, 6037, 28631, 4328, 2830, 18366, 39912, 1133, 1368, 8553, 10795, 34366, 9773, 983, 12224, 15758, 23614, 1062, 28349, 1701, 1893, 2171, 18724, 3012, 12965, 18509, 24566, 7837]"
0.6479087301587262,0.11494654774006896,0.007831542965811504,0.030347663707066343,8.81587987987988,0.004734154289645751,0.0015854881078982514,797.3785611175261,0.021758396447799186,0.001,8.999,"[657, 13925, 91435, 19306, 1114, 6133, 25384, 4419, 12064, 1200, 3985, 5123, 317, 4263, 31125, 5927, 965, 13417, 21024, 10985, 276, 36810, 19769, 6812, 6644, 1579, 22975, 2486, 21669, 5401, 7714, 20051, 2967, 7088, 8857, 18512, 6009, 1381, 3190, 16804, 14513, 1559, 31424, 13195, 3185, 10827, 6040, 2503, 14937, 28163, 12633, 7098, 8810, 1788, 364, 2846, 11876, 4362, 568, 4677, 5661, 17298, 9644, 12305, 14315, 5263, 2122, 15893, 1828, 11484, 1883, 23025, 824, 11746, 35903, 2567, 25224, 1017, 1451, 20969, 21068, 482, 3897, 2174, 4308, 1441, 7241, 4946, 46114, 22024, 16260, 9319, 3347, 3993, 5485, 47526, 4364, 30705, 10707, 15577]"
0.6489449494949465,0.10982981059733313,0.008287879061426156,0.03048229961293553,9.271303303303304,-0.003117109761047766,0.001507772638419204,805.0062711023439,0.02210265544851974,0.001,8.999,"[10882, 924, 31632, 12277, 6229, 4290, 23015, 9205, 63012, 15009, 7318, 5901, 13230, 5840, 10167, 8923, 20699, 1893, 1744, 2109, 1735, 2843, 2290, 3121, 51557, 2524, 6369, 45298, 4765, 13303, 795, 3828, 9080, 4744, 71061, 39268, 5873, 9481, 29518, 21186, 3786, 8254, 22291, 17957, 2357, 3212, 3369, 11094, 8159, 11934, 9997, 813, 19606, 677, 14421, 76, 5782, 4740, 13744, 3150, 16932, 7207, 15215, 14635, 551, 13983, 4040, 173, 3630, 5905, 14236, 7637, 693, 21330, 14530, 2437, 5301, 15099, 1094, 34435, 20070, 4503, 5060, 5456, 4440, 15022, 459, 7344, 4135, 2299, 28465, 26309, 812, 4978, 15882, 6830, 19480, 16300, 5298, 11577]"
0.645684848484845,0.12049226759941857,0.007396970116408994,0.03032635613079179,8.382176176176177,-0.028729198653153317,0.0016312609109527714,792.5769971812659,0.022861873332274255,0.0010000000000000005,9.0,"[4232, 32802, 20127, 161, 3561, 25185, 4751, 2960, 11903, 2105, 12459, 777, 17417, 14607, 1956, 10647, 5016, 28706, 1428, 1946, 21059, 5616, 15934, 91, 24208, 280, 2937, 3280, 25967, 14383, 7868, 50997, 21967, 4868, 9064, 13340, 1571, 14728, 1301, 798, 64761, 16516, 19596, 3903, 6024, 21979, 8051, 18351, 18465, 2889, 3229, 5417, 9426, 11441, 4309, 5246, 378, 3682, 915, 13027, 10352, 1212, 22418, 4668, 4051, 9395, 16338, 6704, 26590, 7916, 20759, 4416, 24080, 11707, 10388, 3153, 8788, 1353, 3528, 407, 1060, 984, 4284, 10575, 1200, 2735, 3735, 13504, 7870, 10811, 2095, 1014, 19636, 2112, 4600, 2617, 14392, 3792, 6336, 4876]"
0.6490439393939358,0.115395305357636,0.007781105755053651,0.029989939029655754,8.765543543543544,-0.01595042161938241,0.0015359156921024542,804.3056271870504,0.022333638947896594,0.0010000000000000005,8.999,"[1479, 40, 4872, 2800, 12802, 5385, 2477, 5995, 116, 797, 18593, 21821, 23066, 196, 60, 3153, 19405, 11825, 917, 2324, 28726, 7075, 5136, 1757, 12206, 46287, 2999, 23962, 54822, 1230, 6625, 8174, 3849, 32592, 33002, 5765, 5048, 5338, 1494, 8420, 19699, 470, 1767, 23571, 3654, 6669, 9549, 39600, 4793, 1523, 38134, 2587, 4287, 3095, 20524, 44978, 32045, 4981, 62871, 4765, 10302, 19810, 3952, 592, 22496, 588, 7513, 5852, 5640, 11555, 3249, 4894, 32298, 4809, 6806, 18043, 4016, 1205, 5384, 25319, 14840, 726, 325, 15236, 963, 14374, 3992, 23551, 527, 23431, 20063, 4710, 10071, 6919, 18510, 28534, 826, 2133, 154, 2394]"
0.6488368686868662,0.10835470740446654,0.008483282882080476,0.03014989365340025,9.466316316316316,0.006263379953706243,0.0014390405383230128,804.4896789321734,0.0247559433744262,0.0009999999999999998,9.0,"[4210, 8129, 21816, 18682, 15553, 14459, 16288, 4118, 454, 7147, 17006, 36486, 103, 8721, 7275, 951, 771, 27936, 20168, 9907, 139, 7315, 17873, 15036, 2977, 15245, 19363, 17740, 4390, 21753, 9210, 3142, 13110, 33320, 38193, 2398, 9431, 21012, 12644, 11535, 3693, 29902, 6650, 37224, 18651, 9716, 6616, 2969, 3264, 13266, 16414, 9319, 36345, 49197, 4874, 6222, 7223, 12781, 2328, 35439, 3560, 24417, 12829, 9821, 1793, 39792, 12179, 13832, 7854, 17155, 26000, 1586, 19726, 1107, 15870, 129563, 21115, 3201, 6780, 5720, 214, 6712, 22441, 1541, 15953, 194, 43897, 30093, 22390, 19905, 5899, 18349, 1698, 9863, 10121, 732, 2889, 8126, 26461, 28570]"
0.6469127705627656,0.11602659472293989,0.007712662562361959,0.028150587884298407,8.697237237237237,-0.03223809754302453,0.0015452399835773083,801.6483752294769,0.021701437156305712,0.0009999999999999994,8.999,"[7888, 2618, 9671, 3677, 23585, 19555, 9055, 2229, 3466, 1480, 7045, 12568, 4443, 12600, 14919, 17098, 8845, 12272, 13085, 9612, 21282, 20698, 311, 4405, 17772, 24004, 2172, 13279, 1210, 15663, 6423, 33654, 15687, 19182, 1599, 485, 9653, 3495, 5329, 24186, 27452, 29816, 6828, 11651, 9574, 3737, 9960, 1987, 15117, 19382, 6708, 9815, 6516, 38702, 8634, 3311, 32610, 5956, 7442, 5633, 729, 10579, 2929, 9494, 6846, 34988, 1901, 32981, 1891, 5633, 5054, 29540, 12693, 2625, 3763, 45201, 6407, 1172, 17577, 559, 40855, 3013, 2284, 999, 2298, 14555, 3626, 902, 633, 800, 5617, 3320, 23880, 1544, 31052, 7552, 15532, 9171, 1837, 18672]"
0.6461681818181793,0.12174763139033508,0.007308296272224128,0.02998504013367988,8.29367967967968,0.02062835471008192,0.0016152219964618143,794.1858080713332,0.02066107479813234,0.0010000000000000005,9.0,"[5606, 22175, 19470, 2124, 1133, 7509, 1716, 1378, 1345, 840, 4133, 11460, 37, 23764, 3966, 15221, 2180, 1619, 3365, 2579, 8473, 6662, 1364, 359, 22462, 18576, 379, 3313, 10265, 1816, 3099, 14396, 17127, 13211, 1118, 4545, 13097, 17463, 3313, 3669, 35583, 2241, 12389, 45577, 12956, 1533, 15024, 3521, 9527, 16440, 1765, 7242, 1626, 8651, 6338, 54787, 8804, 17044, 3962, 42, 3476, 13248, 29810, 721, 2285, 17230, 5102, 14913, 39461, 1279, 1590, 9403, 7040, 7433, 3428, 1857, 141, 7157, 20840, 3885, 8729, 22127, 5751, 889, 62066, 40561, 5216, 8088, 1406, 19460, 12465, 4050, 15291, 167, 21202, 6114, 25074, 26582, 11028, 10428]"
0.6420828282828246,0.12562507584814794,0.007065024944784463,0.030329051255801483,8.050894894894896,-0.018654989464049736,0.001694679730060195,784.2379857274949,0.020947136443579577,0.0009999999999999992,8.998,"[2454, 7040, 7259, 11455, 7659, 5555, 1937, 18108, 4149, 8807, 11137, 8176, 13214, 7035, 570, 147, 19339, 6789, 1635, 222, 1414, 7644, 42691, 3153, 17422, 89, 683, 8222, 23156, 2511, 2789, 14533, 2311, 90, 16097, 8891, 21673, 52199, 2549, 20971, 1750, 199, 3494, 6214, 8827, 2541, 18246, 13734, 11862, 152, 26064, 7180, 2835, 12382, 2653, 10675, 6911, 27140, 2848, 9810, 3255, 15001, 5931, 5453, 4189, 6542, 5873, 25181, 622, 1700, 1460, 1898, 27319, 1211, 4619, 6726, 20015, 14513, 1799, 9175, 22498, 952, 1538, 25108, 696, 2829, 8785, 3924, 6855, 14952, 22870, 15542, 17089, 25553, 3684, 1664, 136, 1746, 17977, 14475]"
0.6483343434343394,0.10656070787629439,0.008520534562618727,0.030683477846639922,9.503493493493494,-0.005204726695963672,0.0014790772485308973,804.0253866248411,0.022539809913175928,0.0010000000000000009,9.0,"[21083, 5885, 13723, 572, 8430, 38877, 87072, 3513, 15478, 50432, 4619, 5557, 21776, 621, 5625, 39776, 9701, 21867, 295, 2908, 46696, 2897, 30600, 5761, 429, 34593, 3851, 1621, 93403, 22784, 42262, 23267, 22114, 7521, 4086, 19823, 79954, 5888, 94, 6886, 38902, 1574, 5495, 60490, 20700, 8567, 7963, 1216, 2902, 577, 3433, 21226, 64838, 439, 20519, 25163, 1360, 70369, 16557, 3673, 3819, 7223, 32497, 12776, 14300, 15752, 9973, 7666, 3857, 7693, 18936, 46921, 1422, 25738, 9084, 2525, 1782, 13223, 21790, 11991, 3563, 17528, 46214, 387, 8620, 8840, 19491, 82123, 5631, 4789, 27836, 5571, 44561, 45888, 17430, 63147, 4300, 26879, 9141, 14541]"
0.6470618326118281,0.11011162404862351,0.008266833968236775,0.03036441528747416,9.2503003003003,0.003453526328996999,0.0015122750946497704,802.5491563624876,0.022355704407156785,0.0010000000000000007,8.999,"[48709, 19603, 6190, 939, 5685, 61593, 114779, 30516, 2980, 6360, 26717, 6263, 1666, 17213, 8913, 5772, 5731, 2357, 24063, 23371, 3687, 11849, 8240, 8860, 3006, 5614, 3132, 7001, 42571, 9910, 23225, 17402, 1596, 15960, 4618, 34248, 21668, 18182, 2168, 6323, 12009, 8006, 1464, 4926, 7815, 35453, 35763, 7569, 58932, 18301, 13863, 3198, 48215, 22107, 10631, 47087, 30079, 8090, 8964, 16088, 1250, 26809, 17970, 20493, 2085, 39094, 40872, 1268, 30078, 418, 5362, 9851, 14693, 3207, 21945, 98, 5447, 11631, 10164, 5115, 5358, 3239, 12145, 25479, 32839, 8317, 39171, 42785, 24969, 30219, 10596, 26015, 40174, 3067, 2815, 2536, 579, 8647, 25110, 9534]"
0.6466250360750331,0.11869077777749362,0.007553645830198937,0.030276105752332833,8.538538538538539,-0.0010751879366721106,0.0015432569461570804,796.6126886595183,0.022658018537498496,0.001000000000000001,8.0,"[12725, 37715, 19877, 30496, 1383, 8125, 16926, 40180, 606, 18723, 6304, 7025, 4079, 908, 8879, 4243, 4896, 1905, 4681, 1092, 14982, 16716, 4515, 54, 8678, 4054, 9704, 462, 14104, 1997, 6475, 26915, 12611, 3349, 2610, 43208, 3831, 3937, 12871, 970, 15416, 1537, 25421, 2195, 170, 601, 806, 25393, 103, 7920, 6019, 12982, 17033, 1271, 1209, 14890, 12773, 15256, 13105, 27246, 5601, 12561, 9665, 22316, 30322, 555, 1430, 21699, 1989, 22463, 806, 2684, 1450, 17595, 3437, 25035, 4733, 11508, 1429, 4523, 1342, 16255, 13035, 2385, 14131, 6047, 1712, 2621, 30861, 17655, 5162, 36618, 13759, 23620, 51798, 20139, 3571, 51634, 11245, 1916]"
0.6432811688311649,0.12300508258741019,0.007227323515900669,0.029290115788322277,8.212868868868869,-0.010617978986483662,0.0016954169154910202,787.9706551254139,0.020257484324982294,0.0010000000000000005,7.999,"[11806, 6663, 626, 900, 3598, 13976, 3004, 3765, 13749, 1590, 12446, 7166, 2384, 10330, 4795, 8791, 17886, 961, 23645, 1277, 19370, 2933, 2538, 4588, 6900, 4237, 15365, 3948, 3268, 9634, 4575, 44606, 6095, 11262, 20534, 2372, 11729, 4916, 2561, 6122, 4844, 4217, 11007, 3590, 16078, 2642, 4512, 3429, 14503, 6562, 3000, 7719, 6776, 2131, 3650, 3939, 13756, 14653, 14258, 16327, 7389, 32746, 3513, 3483, 2792, 5991, 816, 10495, 4685, 38647, 14022, 4341, 6360, 627, 9246, 9589, 8414, 832, 14030, 2461, 7047, 27632, 19200, 7675, 2470, 26637, 2459, 18462, 1039, 12070, 711, 868, 5996, 22704, 23185, 8002, 1183, 591, 15779, 1259]"
0.6507060606060558,0.1074141166880307,0.008449349148747945,0.030112016036596304,9.43245045045045,-0.010877547853695902,0.0014511328295178454,808.7155601851233,0.0232440375387985,0.0009999999999999994,9.0,"[7632, 33946, 288, 6186, 3387, 4022, 13472, 29477, 10714, 37757, 12541, 32967, 16609, 20276, 2767, 417, 41558, 4624, 38827, 45541, 4611, 1570, 14527, 34411, 321, 34243, 47993, 10150, 17472, 271, 3635, 52738, 848, 37134, 34883, 23020, 35522, 33213, 9758, 34212, 41411, 15592, 5024, 13397, 16601, 4861, 20971, 222, 3181, 6158, 5426, 84980, 39930, 34440, 21014, 32456, 4259, 66776, 17157, 2696, 25353, 11941, 4890, 13228, 12016, 4921, 23521, 2044, 16150, 2419, 632, 15973, 21645, 6761, 37056, 54819, 21206, 6458, 1205, 14284, 2125, 10720, 1266, 6263, 8781, 16756, 6661, 7608, 8750, 21568, 29954, 3958, 13271, 16480, 2263, 7745, 36696, 10300, 60796, 8633]"
0.6475681818181778,0.11456485239677655,0.007815430661122044,0.030569168786940215,8.7997997997998,-0.01077154650765702,0.0015628608853092544,800.1996287859732,0.02173354595319173,0.0009999999999999996,9.0,"[8596, 51771, 49271, 3828, 7891, 1722, 6001, 1695, 3595, 20489, 7079, 1118, 11799, 16506, 6945, 5639, 41750, 14333, 1301, 20436, 192, 11554, 28499, 6631, 1032, 10137, 38306, 942, 479, 13609, 9770, 29130, 25696, 459, 31349, 8248, 381, 23921, 3382, 885, 23281, 24571, 2834, 6796, 17329, 6884, 37695, 624, 40381, 19982, 9637, 35358, 18048, 7006, 8471, 41909, 10015, 18791, 28123, 7546, 4512, 4406, 148, 8489, 19930, 4445, 4676, 16529, 515, 10416, 5775, 6285, 7116, 13160, 437, 26342, 5325, 13925, 73132, 2872, 19354, 6795, 9424, 4853, 25041, 3826, 38303, 72, 17214, 15132, 7044, 293, 6110, 1010, 13510, 2654, 5865, 7204, 18177, 11194]"
0.6490208513708475,0.11498885999166616,0.007817637276555111,0.029756367212450938,8.802002002002002,0.010024162419197388,0.0015364713150083087,801.596751653302,0.02284581491594016,0.0009999999999999994,8.0,"[4873, 6497, 15003, 4571, 3609, 23577, 887, 20485, 20163, 7191, 4221, 29515, 12416, 3957, 8047, 5133, 28097, 5784, 15902, 14927, 2849, 145, 26396, 18974, 8230, 49232, 932, 68166, 4870, 1648, 7834, 30714, 5303, 4400, 19319, 19892, 29201, 2314, 10735, 1014, 5483, 8859, 6691, 4254, 6357, 7055, 13333, 31513, 19931, 2716, 21075, 33960, 6943, 6711, 44352, 3302, 15270, 9604, 9661, 17691, 6880, 3148, 19732, 20346, 11838, 7872, 9916, 4923, 2338, 8693, 17052, 685, 2466, 10037, 8265, 6165, 1395, 22758, 61431, 637, 12952, 16640, 32851, 5151, 33274, 8057, 18697, 1551, 8811, 529, 78617, 13563, 185, 17272, 301, 10989, 2545, 47200, 2389, 2487]"
0.6481151515151475,0.11242545201492918,0.00805461975001053,0.030089570064113065,9.03851051051051,0.012363070647366739,0.0015569041243683112,799.5665267670341,0.022434717208316426,0.0009999999999999996,9.0,"[17079, 43755, 2592, 1346, 5096, 8545, 1886, 18364, 1948, 26765, 20017, 8620, 13536, 86360, 10434, 12900, 32940, 5591, 16890, 7510, 14752, 11438, 9309, 1041, 4191, 4914, 14633, 3564, 2860, 9163, 8316, 19718, 14897, 5523, 255, 13613, 131, 666, 4925, 13291, 2880, 21926, 2371, 26960, 3281, 21820, 7840, 10590, 2180, 600, 293, 13881, 15944, 10693, 10245, 6228, 5058, 16505, 812, 20634, 11161, 42503, 3174, 42743, 36592, 10318, 1360, 6616, 22711, 17526, 10029, 31041, 27985, 7088, 453, 2319, 449, 20091, 2785, 2269, 29885, 10094, 4478, 13374, 1108, 9013, 79273, 10246, 1712, 8608, 4934, 20166, 41217, 4378, 4666, 4151, 49123, 1430, 67, 13402]"
0.6457474747474715,0.11858701890425843,0.00752567798259181,0.03044722636370692,8.510626626626626,0.011011011011091464,0.0016012611840981207,796.3996369014121,0.021102565632493252,0.0009999999999999983,9.0,"[12768, 5235, 1599, 3890, 24455, 16867, 5593, 299, 974, 39264, 2095, 488, 3647, 18606, 28242, 956, 13964, 5410, 17108, 2801, 4887, 12441, 8913, 1586, 9117, 15934, 13707, 8382, 279, 1266, 11315, 1454, 1770, 13272, 8043, 16743, 24903, 8711, 147, 2746, 6373, 191, 18113, 1956, 15855, 26240, 916, 28999, 24472, 9385, 26112, 4261, 8451, 415, 7569, 14972, 726, 1788, 4367, 4333, 579, 6313, 1389, 5659, 14374, 7130, 3610, 16079, 19282, 5574, 24432, 2226, 27605, 6581, 9366, 8309, 27694, 8121, 9298, 6821, 2850, 906, 50, 7603, 24338, 9841, 5175, 5494, 26580, 6713, 37359, 2884, 133, 11147, 9210, 9544, 9573, 48749, 8634, 1205]"
0.6488515151515111,0.11015572264860404,0.008190115967671076,0.0307414096865508,9.173735735735736,-0.005430233150760156,0.0015101259483621377,805.2542303889871,0.02259089187969427,0.0009999999999999998,9.0,"[24442, 9251, 32116, 5070, 2340, 2967, 19424, 10259, 8616, 7367, 1573, 18697, 2409, 28747, 203, 4012, 42902, 32411, 12242, 617, 19584, 32847, 1477, 25477, 45356, 28333, 25703, 4739, 5682, 144, 23277, 301, 9875, 21399, 22114, 11512, 5656, 518, 34897, 10371, 8689, 30055, 10703, 8866, 43148, 21233, 48370, 27332, 16928, 2527, 24116, 28398, 6863, 46562, 18463, 212, 25289, 7426, 4658, 30391, 16069, 14566, 8100, 17174, 14587, 9698, 5440, 28396, 19141, 10269, 62027, 2392, 16087, 5959, 8016, 915, 32471, 9393, 16943, 3617, 9291, 1949, 23408, 2586, 6673, 25399, 58482, 10706, 6675, 5849, 15730, 705, 38617, 8186, 8389, 11592, 10623, 28527, 21408, 491]"
0.6479414141414095,0.11338040158939106,0.007932539754183041,0.03009165800657605,8.916674674674674,-0.018157070996318445,0.0015142960890367895,802.538764355284,0.022476193132822005,0.0010000000000000005,9.0,"[17389, 28265, 8902, 4378, 58239, 133, 1061, 6770, 25179, 8936, 2743, 16207, 12559, 55024, 44047, 73574, 6586, 9294, 4633, 67388, 7140, 12449, 9159, 55200, 21430, 15086, 18797, 21649, 25804, 754, 48184, 5790, 4854, 1866, 5388, 19393, 6294, 22788, 30179, 456, 6024, 10489, 54978, 7288, 735, 1776, 38420, 267, 16033, 10468, 28520, 41362, 1143, 3251, 18759, 5565, 12795, 15418, 10947, 28164, 2836, 17156, 3000, 12265, 16147, 11814, 24879, 90046, 14180, 6296, 11462, 14734, 4362, 43021, 12960, 14270, 28010, 23078, 36512, 27718, 19114, 3232, 4540, 7368, 15909, 18046, 1556, 25606, 4551, 12429, 4679, 8611, 1521, 15695, 10790, 10936, 217, 3537, 4808, 151]"
0.6501110389610344,0.10620780405246232,0.008571001863587032,0.02934522260185407,9.553859859859859,0.011797922759200625,0.0014314697377945259,808.7615271143331,0.024866559565667246,0.0010000000000000007,8.999,"[44172, 3464, 40465, 6317, 9711, 2711, 3810, 24593, 18240, 29907, 13131, 43777, 18233, 100, 608, 5555, 34702, 13780, 13519, 45530, 42397, 12072, 21175, 20537, 397, 3400, 14713, 2660, 1923, 7221, 50930, 316, 52260, 15998, 48158, 27006, 2665, 8153, 68079, 241, 2307, 15803, 448, 3913, 12898, 14098, 4422, 23531, 524, 2981, 3543, 1377, 5324, 2587, 55928, 806, 14669, 23962, 1457, 18870, 51975, 42265, 20709, 4789, 3311, 19874, 14670, 8668, 15678, 6541, 76499, 191, 3015, 8263, 13285, 11386, 233, 1283, 131, 6399, 66907, 8493, 2986, 300, 1051, 11989, 10071, 24101, 6826, 943, 13656, 22327, 7228, 8449, 47678, 9401, 20165, 42690, 22580, 9166]"
